,N Control,Mean Control,N Case,Mean Case,cohen's d,Fold change,p-value,fdr
k__Bacteria|p__Firmicutes|c__Clostridia|o__Clostridiales|f__Lachnospiraceae|g__Fusicatenibacter|s__Fusicatenibacter_saccharivorans,43,1.0633323255813951,43,2.043451162790698,0.31990872210102017,1.9217427267372935,0.6359671384793715,0.8104563172679355
k__Bacteria|p__Actinobacteria|c__Actinobacteria|o__Bifidobacteriales|f__Bifidobacteriaceae|g__Bifidobacterium|s__Bifidobacterium_longum,43,6.842214651162789,43,2.1606074418604653,1.25372999588155,0.3157760391941642,4.1021334385095156e-07,6.582059562699359e-06
k__Bacteria|p__Actinobacteria|c__Coriobacteriia|o__Coriobacteriales|f__Coriobacteriaceae|g__Collinsella|s__Collinsella_aerofaciens,43,5.606631860465117,43,5.711958139534884,0.017019506892424076,1.0187860165766314,0.16793505766509376,0.3236658708790149
k__Bacteria|p__Firmicutes|c__Clostridia|o__Clostridiales|f__Lachnospiraceae|g__Blautia|s__Ruminococcus_torques,43,1.1517883720930233,43,4.088563255813954,0.4890701449800766,3.549752154889565,0.6321400894611103,0.8084980129701882
k__Bacteria|p__Actinobacteria|c__Actinobacteria|o__Bifidobacteriales|f__Bifidobacteriaceae|g__Bifidobacterium|s__Bifidobacterium_pseudocatenulatum,43,0.18533534883720928,43,0.9810113953488373,0.42315979514521246,5.29316938999325,0.35091814272773003,0.4728019251255294
k__Bacteria|p__Actinobacteria|c__Actinobacteria|o__Bifidobacteriales|f__Bifidobacteriaceae|g__Bifidobacterium|s__Bifidobacterium_bifidum,43,1.9171037209302326,43,7.631412558139535,0.6703307751679908,3.9806988400380123,0.5996590680791375,0.7697441855706747
k__Bacteria|p__Firmicutes|c__Clostridia|o__Clostridiales|f__Lachnospiraceae|g__Dorea|s__Dorea_longicatena,43,0.9451481395348836,43,3.480693953488372,0.6436604810239753,3.682696720115488,0.0042698878964783716,0.02216574158024802
k__Bacteria|p__Firmicutes|c__Clostridia|o__Clostridiales|f__Lachnospiraceae|g__Anaerostipes|s__Anaerostipes_hadrus,43,2.385361860465116,43,2.929065581395349,0.1657787495927515,1.2279334343109758,0.2650223168989161,0.42915942251191075
k__Bacteria|p__Firmicutes|c__Clostridia|o__Clostridiales|f__Ruminococcaceae|g__Agathobaculum|s__Agathobaculum_butyriciproducens,43,0.6234786046511627,43,0.2141051162790698,1.0378845244407728,0.34340411151536143,5.205860817011979e-05,0.0004482119191232265
k__Bacteria|p__Actinobacteria|c__Coriobacteriia|o__Eggerthellales|f__Eggerthellaceae|g__Eggerthella|s__Eggerthella_lenta,43,0.10427697674418607,43,3.1588334883720934,0.5266675427660197,30.292722200044157,9.417696097394858e-08,1.749708801252834e-06
k__Bacteria|p__Firmicutes|c__Clostridia|o__Clostridiales|f__Lachnospiraceae|g__Blautia|s__Blautia_obeum,43,0.6587272093023255,43,0.8309632558139535,0.09749410142686929,1.261467940111427,0.0011910629979293003,0.006892544889656443
k__Bacteria|p__Firmicutes|c__Clostridia|o__Clostridiales|f__Lachnospiraceae|g__Blautia|s__Ruminococcus_gnavus,43,0.029356279069767444,43,9.299559069767442,0.8521749299576513,316.782622472907,5.94687606996986e-08,1.234851325117271e-06
k__Bacteria|p__Firmicutes|c__Clostridia|o__Clostridiales|f__Eubacteriaceae|g__Eubacterium|s__Eubacterium_ramulus,43,0.1514779069767442,43,0.5951783720930233,0.34117245624761056,3.9291430940117134,0.4996036689395452,0.6483827027046304
k__Bacteria|p__Firmicutes|c__Clostridia|o__Clostridiales|f__Lachnospiraceae|g__Blautia|s__Blautia_wexlerae,43,0.2902844186046511,43,5.09247488372093,0.8691853553443122,17.54305280386598,0.0008548704438355679,0.005114733333456872
k__Bacteria|p__Actinobacteria|c__Coriobacteriia|o__Eggerthellales|f__Eggerthellaceae|g__Asaccharobacter|s__Asaccharobacter_celatus,43,0.7033893023255814,43,0.10653860465116279,1.1648802308125736,0.15146463601155072,1.2437202705623802e-06,1.6260490944760008e-05
k__Bacteria|p__Actinobacteria|c__Actinobacteria|o__Bifidobacteriales|f__Bifidobacteriaceae|g__Bifidobacterium|s__Bifidobacterium_adolescentis,43,27.9330388372093,43,0.9806632558139535,3.5066870769328418,0.035107646594742234,5.8491340954297234e-09,5.161860839216731e-07
k__Bacteria|p__Actinobacteria|c__Coriobacteriia|o__Eggerthellales|f__Eggerthellaceae|g__Gordonibacter|s__Gordonibacter_pamelaeae,43,0.2778913953488372,43,0.45553000000000005,0.2949021484679547,1.6392375137350799,0.39118081407046024,0.5250449709767013
k__Bacteria|p__Firmicutes|c__Bacilli|o__Lactobacillales|f__Streptococcaceae|g__Streptococcus|s__Streptococcus_salivarius,43,0.38207511627906987,43,0.44313046511627907,0.04575582235581035,1.1597993332615097,0.0004319106142230606,0.0028097336306337497
k__Bacteria|p__Firmicutes|c__Clostridia|o__Clostridiales|f__Clostridiaceae|g__Clostridium|s__Clostridium_disporicum,43,0.015523023255813954,43,0.011258139534883721,0.11184032854141548,0.7252543109260063,0.00011352756659184077,0.0008178618572840774
k__Bacteria|p__Firmicutes|c__Clostridia|o__Clostridiales|f__Peptostreptococcaceae|g__Intestinibacter|s__Intestinibacter_bartlettii,43,0.1817388372093023,43,0.33169627906976745,0.2198512322883137,1.8251260113861318,0.003079722042092332,0.016471846679675654
k__Bacteria|p__Actinobacteria|c__Coriobacteriia|o__Eggerthellales|f__Eggerthellaceae|g__Adlercreutzia|s__Adlercreutzia_equolifaciens,43,0.22767255813953494,43,0.04781488372093024,1.5577547834137448,0.21001601647408763,3.286703896100376e-07,5.524792739635393e-06
k__Bacteria|p__Firmicutes|c__Clostridia|o__Clostridiales|f__Ruminococcaceae|g__Faecalibacterium|s__Faecalibacterium_prausnitzii,43,2.695835348837209,43,1.2912939534883718,0.7045171910866176,0.4789958533800456,0.00048438992671092794,0.003053386502302814
k__Bacteria|p__Firmicutes|c__Clostridia|o__Clostridiales|f__Lachnospiraceae|g__Lachnospiraceae_unclassified|s__Eubacterium_rectale,43,3.4910662790697673,43,0.47508930232558144,0.9207726749845419,0.1360871620152036,6.625147493614593e-07,9.48405770219584e-06
k__Bacteria|p__Firmicutes|c__Bacilli|o__Lactobacillales|f__Streptococcaceae|g__Streptococcus|s__Streptococcus_parasanguinis,43,0.03721883720930233,43,0.13974232558139538,0.2578909302699493,3.7546128804493852,0.45066203395745874,0.5958190935842057
k__Bacteria|p__Firmicutes|c__Clostridia|o__Clostridiales|f__Lachnospiraceae|g__Blautia|s__Blautia_sp_CAG_257,43,0.011790697674418605,43,5.756363953488371,0.483122128673164,488.2123274161735,0.2379027826561101,0.4198984113880343
k__Bacteria|p__Firmicutes|c__Bacilli|o__Lactobacillales|f__Streptococcaceae|g__Streptococcus|s__Streptococcus_gordonii,43,0.0025586046511627907,43,0.028345813953488376,0.413268315859622,11.07862206871478,0.010577858096274139,0.048493297506295725
k__Bacteria|p__Firmicutes|c__Erysipelotrichia|o__Erysipelotrichales|f__Erysipelotrichaceae|g__Turicibacter|s__Turicibacter_sanguinis,43,0.04961325581395349,43,0.0068304651162790705,0.4724292432357712,0.1376741962247524,0.15379770263189055,0.3236658708790149
k__Bacteria|p__Firmicutes|c__Bacilli|o__Lactobacillales|f__Streptococcaceae|g__Streptococcus|s__Streptococcus_thermophilus,43,0.09940186046511626,43,0.041693720930232554,0.20786193809114695,0.41944608214716866,0.8138046907549061,1.0
k__Bacteria|p__Firmicutes|c__Bacilli|o__Bacillales|f__Bacillales_unclassified|g__Gemella|s__Gemella_sanguinis,43,0.0009088372093023255,43,0.0029327906976744185,0.3094175315367468,3.2269703172978508,0.046399461870904594,0.14367552667043265
k__Bacteria|p__Firmicutes|c__Clostridia|o__Clostridiales|f__Lachnospiraceae|g__Sellimonas|s__Sellimonas_intestinalis,43,0.008659069767441858,43,0.975272558139535,0.5358474575186788,112.630176720202,0.0004146679929355465,0.00276184531143864
k__Bacteria|p__Firmicutes|c__Erysipelotrichia|o__Erysipelotrichales|f__Erysipelotrichaceae|g__Erysipelatoclostridium|s__Clostridium_spiroforme,43,0.08464023255813954,43,0.13643418604651164,0.17190316762748897,1.6119306613766062,0.09740808108738584,0.2430995493943837
k__Bacteria|p__Bacteroidetes|c__Bacteroidia|o__Bacteroidales|f__Bacteroidaceae|g__Bacteroides|s__Bacteroides_fragilis,43,0.0,43,1.6853413953488374,0.39233584274161587,inf,0.00019643672621231134,0.0013335031606335752
k__Bacteria|p__Firmicutes|c__Clostridia|o__Clostridiales|f__Lachnospiraceae|g__Roseburia|s__Roseburia_sp_CAG_471,43,0.00013116279069767442,43,0.0008490697674418605,0.3525973854841541,6.473404255319149,0.17269378073166064,0.3236658708790149
k__Bacteria|p__Actinobacteria|c__Actinobacteria|o__Actinomycetales|f__Actinomycetaceae|g__Actinomyces|s__Actinomyces_sp_HPA0247,43,0.0,43,0.0013693023255813952,0.37577235053794955,inf,0.06788915486182899,0.18722555989238776
k__Bacteria|p__Proteobacteria|c__Gammaproteobacteria|o__Enterobacterales|f__Enterobacteriaceae|g__Klebsiella|s__Klebsiella_pneumoniae,43,0.0,43,0.38189883720930234,0.34879409413414636,inf,0.007685794055213263,0.03666331488500381
k__Bacteria|p__Proteobacteria|c__Gammaproteobacteria|o__Enterobacterales|f__Enterobacteriaceae|g__Escherichia|s__Escherichia_coli,43,0.0021246511627906976,43,0.6190706976744187,0.541028269688194,291.3752189141857,4.589511709712496e-05,0.00040502440838212773
k__Bacteria|p__Firmicutes|c__Clostridia|o__Clostridiales|f__Lachnospiraceae|g__Dorea|s__Dorea_formicigenerans,43,1.8054990697674418,43,2.105556976744186,0.1356740505468668,1.1661911169056394,0.39673109854639277,0.5284757652334967
k__Bacteria|p__Firmicutes|c__Clostridia|o__Clostridiales|f__Eubacteriaceae|g__Eubacterium|s__Eubacterium_hallii,43,2.703917209302326,43,1.5343358139534884,0.48559795744040535,0.5674492579413639,8.83980572535191e-05,0.0006797136008295288
k__Bacteria|p__Firmicutes|c__Clostridia|o__Clostridiales|f__Lachnospiraceae|g__Blautia|s__Blautia_hydrogenotrophica,43,0.053341860465116284,43,0.07163441860465117,0.06405580981912411,1.34293063609016,0.0001530843316049117,0.0010595837069908593
k__Bacteria|p__Proteobacteria|c__Gammaproteobacteria|o__Enterobacterales|f__Enterobacteriaceae|g__Klebsiella|s__Klebsiella_variicola,43,0.0,43,0.13626139534883722,0.4526447976257529,inf,0.017960477526078766,0.06817256523339575
k__Bacteria|p__Firmicutes|c__Clostridia|o__Clostridiales|f__Lachnospiraceae|g__Coprococcus|s__Coprococcus_comes,43,2.0392483720930232,43,0.6612446511627905,1.3742351300533007,0.3242590065103786,2.67706615216912e-06,3.0484011345667724e-05
k__Bacteria|p__Firmicutes|c__Clostridia|o__Clostridiales|f__Eubacteriaceae|g__Anaerofustis|s__Anaerofustis_stercorihominis,43,0.0,43,0.022661860465116278,0.2676541965440659,inf,0.06788915486182899,0.18722555989238776
k__Bacteria|p__Firmicutes|c__Clostridia|o__Clostridiales|f__Ruminococcaceae|g__Ruthenibacterium|s__Ruthenibacterium_lactatiformans,43,0.2947958139534884,43,0.9071923255813952,0.545256791978511,3.0773582345525705,0.014162456915328381,0.05881585048365787
k__Bacteria|p__Proteobacteria|c__Gammaproteobacteria|o__Enterobacterales|f__Enterobacteriaceae|g__Klebsiella|s__Klebsiella_quasipneumoniae,43,0.0,43,0.03882953488372093,0.4367966300279272,inf,0.017960477526078766,0.06817256523339575
k__Bacteria|p__Verrucomicrobia|c__Verrucomicrobiae|o__Verrucomicrobiales|f__Akkermansiaceae|g__Akkermansia|s__Akkermansia_muciniphila,43,0.1076786046511628,43,0.8768630232558139,0.3446079469274172,8.14333568025433,0.038151710173415135,0.12934453346729344
k__Bacteria|p__Firmicutes|c__Clostridia|o__Clostridiales|f__Lachnospiraceae|g__Eisenbergiella|s__Eisenbergiella_tayi,43,0.0,43,0.2885588372093023,0.7354300549470995,inf,5.606116527496013e-06,5.996845861230584e-05
k__Archaea|p__Euryarchaeota|c__Methanobacteria|o__Methanobacteriales|f__Methanobacteriaceae|g__Methanobrevibacter|s__Methanobrevibacter_smithii,43,0.16392232558139536,43,0.1156167441860465,0.07369880569336233,0.7053142015645526,0.892738400944348,1.0
k__Bacteria|p__Firmicutes|c__Clostridia|o__Clostridiales|f__Clostridiaceae|g__Clostridium|s__Clostridium_bolteae_CAG_59,43,0.0,43,0.005961162790697675,0.25827104216834235,inf,0.10880943004054568,0.2430995493943837
k__Bacteria|p__Bacteroidetes|c__Bacteroidia|o__Bacteroidales|f__Rikenellaceae|g__Alistipes|s__Alistipes_finegoldii,43,0.17004232558139537,43,0.05689395348837209,0.6859008744542935,0.334587011168218,1.4566244612560282e-05,0.0001389698472495616
k__Bacteria|p__Firmicutes|c__Erysipelotrichia|o__Erysipelotrichales|f__Erysipelotrichaceae|g__Erysipelatoclostridium|s__Clostridium_innocuum,43,0.00041116279069767445,43,0.928536976744186,0.771040846349435,2258.3195701357463,5.388790737562247e-07,8.270622305910754e-06
k__Bacteria|p__Firmicutes|c__Clostridia|o__Clostridiales|f__Lachnospiraceae|g__Lachnoclostridium|s__Clostridium_bolteae,43,0.006551162790697676,43,0.041460000000000004,0.215491791918102,6.328647497337593,0.0446346631439076,0.14067889365892305
k__Bacteria|p__Firmicutes|c__Clostridia|o__Clostridiales|f__Clostridiaceae|g__Clostridium|s__Clostridium_sp_CAG_58,43,0.00823953488372093,43,0.16369418604651162,0.4960523834714293,19.86692068868191,0.522860387333413,0.673612104849251
k__Bacteria|p__Firmicutes|c__Clostridia|o__Clostridiales|f__Ruminococcaceae|g__Anaeromassilibacillus|s__Anaeromassilibacillus_sp_An250,43,0.0029869767441860467,43,0.009658604651162792,0.29588933723950045,3.233572095920274,0.2023283082009374,0.3625476791620858
k__Bacteria|p__Firmicutes|c__Firmicutes_unclassified|o__Firmicutes_unclassified|f__Firmicutes_unclassified|g__Firmicutes_unclassified|s__Firmicutes_bacterium_CAG_145,43,0.008334883720930232,43,0.2945881395348838,0.4730606575726311,35.34400111607144,0.03283297081565567,0.11475285839531141
k__Bacteria|p__Firmicutes|c__Clostridia|o__Clostridiales|f__Lachnospiraceae|g__Coprococcus|s__Coprococcus_catus,43,0.14281720930232558,43,0.06826093023255814,0.22833880988740288,0.4779601181539584,0.036325556618910404,0.1256334837018614
k__Bacteria|p__Firmicutes|c__Bacilli|o__Lactobacillales|f__Streptococcaceae|g__Streptococcus|s__Streptococcus_anginosus_group,43,0.00017162790697674418,43,0.019047906976744185,0.3112494725387414,110.98373983739837,0.012458141993823996,0.05298462799782977
k__Bacteria|p__Firmicutes|c__Clostridia|o__Clostridiales|f__Lachnospiraceae|g__Lachnoclostridium|s__Clostridium_scindens,43,0.0,43,0.5754813953488372,0.5001094247882097,inf,8.857457687863547e-05,0.0006797136008295288
k__Bacteria|p__Firmicutes|c__Clostridia|o__Clostridiales|f__Lachnospiraceae|g__Eisenbergiella|s__Eisenbergiella_massiliensis,43,0.0,43,0.3909351162790698,0.5591519306667262,inf,0.002217721464237049,0.012232119951182474
k__Bacteria|p__Firmicutes|c__Bacilli|o__Lactobacillales|f__Enterococcaceae|g__Enterococcus|s__Enterococcus_faecalis,43,0.0,43,6.999894418604651,0.4601268489937812,inf,0.005062032126267864,0.02552710486532223
k__Bacteria|p__Firmicutes|c__Erysipelotrichia|o__Erysipelotrichales|f__Erysipelotrichaceae|g__Erysipelatoclostridium|s__Erysipelatoclostridium_ramosum,43,0.0,43,1.3489941860465116,0.6608687631857596,inf,5.606116527496013e-06,5.996845861230584e-05
k__Bacteria|p__Proteobacteria|c__Gammaproteobacteria|o__Enterobacterales|f__Enterobacteriaceae|g__Enterobacter|s__Enterobacter_cloacae_complex,43,0.0,43,0.011894883720930234,0.303226142788068,inf,0.043114446783075355,0.13711170913896936
k__Bacteria|p__Firmicutes|c__Bacilli|o__Lactobacillales|f__Streptococcaceae|g__Streptococcus|s__Streptococcus_sp_A12,43,0.00010046511627906977,43,0.0023211627906976747,0.3913316100228949,23.10416666666667,0.07473549830588248,0.2045087666819885
k__Bacteria|p__Bacteroidetes|c__Bacteroidia|o__Bacteroidales|f__Tannerellaceae|g__Parabacteroides|s__Parabacteroides_merdae,43,0.3866483720930232,43,0.01528581395348837,2.014069403415422,0.03953414796690461,1.394833233389364e-07,2.4618806569322277e-06
k__Bacteria|p__Firmicutes|c__Clostridia|o__Clostridiales|f__Clostridiales_unclassified|g__Intestinimonas|s__Intestinimonas_butyriciproducens,43,0.0,43,0.0015867441860465117,0.2773771079246029,inf,0.10880943004054568,0.2430995493943837
k__Bacteria|p__Firmicutes|c__Clostridia|o__Clostridiales|f__Ruminococcaceae|g__Ruminococcaceae_unclassified|s__Clostridium_methylpentosum,43,0.0,43,0.003185813953488372,0.3517136262518319,inf,0.06788915486182899,0.18722555989238776
k__Bacteria|p__Firmicutes|c__Clostridia|o__Clostridiales|f__Clostridiaceae|g__Hungatella|s__Hungatella_hathewayi,43,0.0,43,0.07733604651162791,0.36984992468314276,inf,0.011718685599768628,0.050447512399003976
k__Bacteria|p__Firmicutes|c__Clostridia|o__Clostridiales|f__Ruminococcaceae|g__Flavonifractor|s__Flavonifractor_plautii,43,0.0,43,0.33757534883720924,0.39700194139190265,inf,2.7015948487105512e-05,0.0002445289696396986
k__Bacteria|p__Firmicutes|c__Bacilli|o__Lactobacillales|f__Leuconostocaceae|g__Leuconostoc|s__Leuconostoc_citreum,43,0.0,43,0.0006946511627906977,0.21566554640687688,inf,0.31731050786291415,0.42915942251191075
k__Bacteria|p__Firmicutes|c__Clostridia|o__Clostridiales|f__Peptostreptococcaceae|g__Terrisporobacter|s__Terrisporobacter_othiniensis,43,0.0,43,0.0003346511627906977,0.21566554640687688,inf,0.31731050786291415,0.42915942251191075
k__Bacteria|p__Firmicutes|c__Clostridia|o__Clostridiales|f__Ruminococcaceae|g__Ruminococcaceae_unclassified|s__Clostridium_leptum,43,0.041142558139534886,43,0.006036279069767442,2.113143332385165,0.14671618253039628,5.8862323345931566e-08,1.234851325117271e-06
k__Bacteria|p__Actinobacteria|c__Actinobacteria|o__Actinomycetales|f__Actinomycetaceae|g__Actinomyces|s__Actinomyces_turicensis,43,0.0,43,0.01697046511627907,0.4751757555448915,inf,0.007685794055213263,0.03666331488500381
k__Bacteria|p__Actinobacteria|c__Coriobacteriia|o__Coriobacteriales|f__Atopobiaceae|g__Atopobium|s__Atopobium_minutum,43,0.0,43,0.0007551162790697674,0.27358518564398804,inf,0.17971249487899976,0.3236658708790149
k__Bacteria|p__Firmicutes|c__Firmicutes_unclassified|o__Firmicutes_unclassified|f__Firmicutes_unclassified|g__Firmicutes_unclassified|s__Firmicutes_bacterium_CAG_83,43,0.012338837209302322,43,0.11822627906976742,0.35967018619501945,9.581638615074354,0.4196105515656282,0.5568515966265668
k__Bacteria|p__Firmicutes|c__Erysipelotrichia|o__Erysipelotrichales|f__Erysipelotrichaceae|g__Holdemanella|s__Holdemanella_biformis,43,0.0034172093023255817,43,0.13770697674418605,0.33833167825342836,40.298080849326254,0.06788915486182899,0.18722555989238776
k__Bacteria|p__Bacteroidetes|c__Bacteroidia|o__Bacteroidales|f__Prevotellaceae|g__Prevotella|s__Prevotella_copri,43,0.0005009302325581395,43,0.0002444186046511628,0.12959591766101858,0.48792943361188484,0.27630291733748347,0.42915942251191075
k__Bacteria|p__Bacteroidetes|c__Bacteroidia|o__Bacteroidales|f__Rikenellaceae|g__Alistipes|s__Alistipes_putredinis,43,0.38027558139534884,43,0.02973906976744186,1.9029494238654687,0.07820399526659062,6.71675474659762e-07,9.48405770219584e-06
k__Bacteria|p__Bacteroidetes|c__Bacteroidia|o__Bacteroidales|f__Barnesiellaceae|g__Barnesiella|s__Barnesiella_intestinihominis,43,0.5304111627906978,43,0.10232279069767442,1.1660719677310039,0.192912212026826,7.889698959778758e-06,7.736288146671949e-05
k__Bacteria|p__Bacteroidetes|c__Bacteroidia|o__Bacteroidales|f__Bacteroidaceae|g__Bacteroides|s__Bacteroides_caccae,43,0.5495827906976745,43,0.1666858139534884,0.8442500588769404,0.3032951845924562,0.00010365349821579142,0.000762285101461966
k__Bacteria|p__Firmicutes|c__Clostridia|o__Clostridiales|f__Ruminococcaceae|g__Gemmiger|s__Gemmiger_formicilis,43,0.25866465116279075,43,0.04045860465116279,1.6499866221419375,0.15641335013998547,1.3872161417068485e-08,9.793745960450351e-07
k__Bacteria|p__Bacteroidetes|c__Bacteroidia|o__Bacteroidales|f__Bacteroidaceae|g__Bacteroides|s__Bacteroides_vulgatus,43,1.1743483720930235,43,1.1381295348837208,0.014912628351693163,0.9691583536282762,0.013374057271550477,0.05620288353401569
k__Bacteria|p__Firmicutes|c__Clostridia|o__Clostridiales|f__Lachnospiraceae|g__Roseburia|s__Roseburia_faecis,43,1.1396341860465116,43,0.041816744186046514,2.38455822790533,0.036693128986514854,3.36717610158674e-09,5.161860839216731e-07
k__Bacteria|p__Firmicutes|c__Negativicutes|o__Veillonellales|f__Veillonellaceae|g__Dialister|s__Dialister_invisus,43,0.4264437209302326,43,0.20993116279069765,0.4191919801022089,0.49228339517524045,0.0007007362636121681,0.004264825880260264
k__Bacteria|p__Firmicutes|c__Clostridia|o__Clostridiales|f__Lachnospiraceae|g__Roseburia|s__Roseburia_inulinivorans,43,0.0467960465116279,43,0.1245893023255814,0.16493156598499453,2.662389488279173,0.031342269936948365,0.11063821287742773
k__Bacteria|p__Firmicutes|c__Clostridia|o__Clostridiales|f__Ruminococcaceae|g__Ruminococcus|s__Ruminococcus_bicirculans,43,1.200153023255814,43,0.1549025581395349,1.4332710059258045,0.1290690063166364,1.043081296154465e-06,1.4161834520866392e-05
k__Bacteria|p__Firmicutes|c__Bacilli|o__Lactobacillales|f__Streptococcaceae|g__Streptococcus|s__Streptococcus_sanguinis,43,0.002312558139534884,43,0.006616511627906977,0.2098613742129412,2.861122284794851,0.2228009911811345,0.3972159085199014
k__Bacteria|p__Firmicutes|c__Clostridia|o__Clostridiales|f__Lachnospiraceae|g__Roseburia|s__Roseburia_sp_CAG_182,43,0.04245581395348837,43,0.0,0.33856658925882566,0.0,0.009653874815692721,0.04483970802552014
k__Bacteria|p__Firmicutes|c__Negativicutes|o__Selenomonadales|f__Selenomonadaceae|g__Megamonas|s__Megamonas_funiformis,43,0.0649693023255814,43,0.0,2.3062698799305275,0.0,3.646367535897373e-08,1.0843135555801169e-06
k__Bacteria|p__Firmicutes|c__Firmicutes_unclassified|o__Firmicutes_unclassified|f__Firmicutes_unclassified|g__Firmicutes_unclassified|s__Firmicutes_bacterium_CAG_110,43,0.0034330232558139537,43,0.0006337209302325581,0.24335907837228954,0.1845955832543016,0.27630291733748347,0.42915942251191075
k__Bacteria|p__Firmicutes|c__Clostridia|o__Clostridiales|f__Lachnospiraceae|g__Coprococcus|s__Coprococcus_eutactus,43,0.8449623255813952,43,0.0,1.3731431620529586,0.0,4.527770242655654e-09,5.161860839216731e-07
k__Bacteria|p__Firmicutes|c__Clostridia|o__Clostridiales|f__Eubacteriaceae|g__Eubacterium|s__Eubacterium_eligens,43,0.002811395348837209,43,0.010587209302325583,0.20710206082866792,3.7658201670940534,0.4652088184521418,0.6104784866676805
k__Bacteria|p__Firmicutes|c__Clostridia|o__Clostridiales|f__Catabacteriaceae|g__Catabacter|s__Catabacter_hongkongensis,43,0.0,43,0.01695186046511628,0.44669351891479553,inf,0.017960477526078766,0.06817256523339575
k__Bacteria|p__Firmicutes|c__Clostridia|o__Clostridiales|f__Eubacteriaceae|g__Eubacterium|s__Eubacterium_sp_OM08_24,43,0.0,43,0.004032093023255814,0.21566554640687688,inf,0.31731050786291415,0.42915942251191075
k__Bacteria|p__Firmicutes|c__Bacilli|o__Lactobacillales|f__Streptococcaceae|g__Streptococcus|s__Streptococcus_australis,43,0.0,43,0.0008867441860465116,0.30419136263382573,inf,0.17971249487899976,0.3236658708790149
k__Bacteria|p__Actinobacteria|c__Coriobacteriia|o__Coriobacteriales|f__Coriobacteriaceae|g__Collinsella|s__Collinsella_intestinalis,43,0.16633186046511628,43,3.2748879069767445,0.42884953974125206,19.688879194996836,0.04283712357752719,0.13711170913896936
k__Bacteria|p__Firmicutes|c__Bacilli|o__Lactobacillales|f__Streptococcaceae|g__Streptococcus|s__Streptococcus_mutans,43,0.028614418604651165,43,0.012218837209302323,0.2119237863895712,0.4270167910144502,0.5062404808205192,0.654589339669023
k__Bacteria|p__Firmicutes|c__Clostridia|o__Clostridiales|f__Ruminococcaceae|g__Ruminococcus|s__Ruminococcus_bromii,43,20.74225162790698,43,1.0066274418604653,2.9703289062983855,0.048530287835585384,5.0511528956295895e-09,5.161860839216731e-07
k__Bacteria|p__Firmicutes|c__Clostridia|o__Clostridiales|f__Ruminococcaceae|g__Ruminococcus|s__Ruminococcus_lactaris,43,0.39479813953488374,43,0.0,0.3478597093219067,0.0,0.0043760114523359135,0.02238742090832721
k__Bacteria|p__Firmicutes|c__Negativicutes|o__Acidaminococcales|f__Acidaminococcaceae|g__Phascolarctobacterium|s__Phascolarctobacterium_succinatutens,43,0.0,43,2.3953488372093026e-05,0.21566554640687682,inf,0.31731050786291415,0.42915942251191075
k__Bacteria|p__Firmicutes|c__Clostridia|o__Clostridiales|f__Ruminococcaceae|g__Ruminococcus|s__Ruminococcus_sp_CAG_330,43,0.013712790697674419,43,0.0056127906976744186,0.21579744830290534,0.40931060798778934,0.31731050786291415,0.42915942251191075
k__Bacteria|p__Actinobacteria|c__Coriobacteriia|o__Eggerthellales|f__Eggerthellaceae|g__Slackia|s__Slackia_isoflavoniconvertens,43,0.15449906976744185,43,0.0,2.3685975442510636,0.0,2.6398401255266188e-08,1.0843135555801169e-06
k__Bacteria|p__Bacteroidetes|c__Bacteroidia|o__Bacteroidales|f__Bacteroidaceae|g__Bacteroides|s__Bacteroides_uniformis,43,0.8256723255813955,43,0.5188311627906976,0.1575005767797737,0.6283741706195175,6.242403834296677e-06,6.295910152876363e-05
k__Bacteria|p__Firmicutes|c__Clostridia|o__Clostridiales|f__Lachnospiraceae|g__Roseburia|s__Roseburia_intestinalis,43,0.11078372093023257,43,0.05213418604651163,0.35397330801490023,0.47059428595419517,7.546184027746449e-05,0.0006054097640442038
k__Bacteria|p__Firmicutes|c__Clostridia|o__Clostridiales|f__Lachnospiraceae|g__Lachnospira|s__Lachnospira_pectinoschiza,43,0.025329767441860464,43,0.004411162790697675,0.6096221027458518,0.17414936006904277,2.5446569552276932e-06,2.994213017317919e-05
k__Bacteria|p__Proteobacteria|c__Gammaproteobacteria|o__Pasteurellales|f__Pasteurellaceae|g__Haemophilus|s__Haemophilus_parainfluenzae,43,0.002179767441860465,43,0.1329513953488372,0.2699263142463044,60.99338525552118,0.09096894797535775,0.23964207936792004
k__Bacteria|p__Firmicutes|c__Clostridia|o__Clostridiales|f__Ruminococcaceae|g__Ruminococcaceae_unclassified|s__Eubacterium_siraeum,43,0.009739534883720929,43,0.022817906976744184,0.18546830877511067,2.3428127984718246,9.334514047482697e-05,0.000701081586970509
k__Bacteria|p__Bacteroidetes|c__Bacteroidia|o__Bacteroidales|f__Prevotellaceae|g__Prevotella|s__Prevotella_stercorea,43,0.0,43,0.0,,inf,1.0,1.0
k__Bacteria|p__Firmicutes|c__Clostridia|o__Clostridiales|f__Clostridiales_Family_XIII_Incertae_Sedis|g__Clostridiales_Family_XIII_Incertae_Sedis_unclassified|s__Eubacterium_brachy,43,0.0,43,0.0012467441860465117,0.2156655464068768,inf,0.31731050786291415,0.42915942251191075
k__Bacteria|p__Firmicutes|c__Negativicutes|o__Veillonellales|f__Veillonellaceae|g__Veillonella|s__Veillonella_parvula,43,0.02999162790697674,43,0.4196460465116279,0.2332988306721491,13.992106324245528,0.08628917227822827,0.22902314146026
k__Bacteria|p__Firmicutes|c__Negativicutes|o__Veillonellales|f__Veillonellaceae|g__Veillonella|s__Veillonella_dispar,43,0.0,43,0.06080232558139535,0.3287244453070187,inf,0.06788915486182899,0.18722555989238776
k__Bacteria|p__Firmicutes|c__Bacilli|o__Lactobacillales|f__Streptococcaceae|g__Streptococcus|s__Streptococcus_infantis,43,0.0,43,0.00027279069767441864,0.30597648863871013,inf,0.17971249487899976,0.3236658708790149
k__Bacteria|p__Bacteroidetes|c__Bacteroidia|o__Bacteroidales|f__Prevotellaceae|g__Prevotella|s__Prevotella_sp_CAG_279,43,0.0,43,0.0,,inf,1.0,1.0
k__Bacteria|p__Proteobacteria|c__Gammaproteobacteria|o__Pasteurellales|f__Pasteurellaceae|g__Haemophilus|s__Haemophilus_sp_HMSC71H05,43,0.0,43,0.0014681395348837207,0.29544134480843,inf,0.17971249487899976,0.3236658708790149
k__Bacteria|p__Firmicutes|c__Clostridia|o__Clostridiales|f__Eubacteriaceae|g__Eubacterium|s__Eubacterium_ventriosum,43,0.11740209302325581,43,0.0,0.6885293451912943,0.0,0.0013490382662570389,0.007558896952202139
k__Bacteria|p__Bacteroidetes|c__Bacteroidia|o__Bacteroidales|f__Bacteroidaceae|g__Bacteroides|s__Bacteroides_xylanisolvens,43,0.26064581395348835,43,0.1130772093023256,0.37693886275599936,0.43383474143384465,6.547636172309943e-05,0.0005375152485640488
k__Bacteria|p__Firmicutes|c__Negativicutes|o__Veillonellales|f__Veillonellaceae|g__Veillonella|s__Veillonella_infantium,43,0.0,43,0.011472093023255815,0.29166657229785165,inf,0.10880943004054568,0.2430995493943837
k__Bacteria|p__Proteobacteria|c__Deltaproteobacteria|o__Desulfovibrionales|f__Desulfovibrionaceae|g__Desulfovibrio|s__Desulfovibrio_piger,43,0.0,43,0.013450465116279068,0.3766010686877904,inf,0.06788915486182899,0.18722555989238776
k__Bacteria|p__Bacteroidetes|c__Bacteroidia|o__Bacteroidales|f__Rikenellaceae|g__Alistipes|s__Alistipes_inops,43,0.00341046511627907,43,0.0981925581395349,0.2656358008042202,28.79154449369247,0.3946268662430952,0.5276639537265628
k__Bacteria|p__Bacteroidetes|c__Bacteroidia|o__Bacteroidales|f__Bacteroidaceae|g__Bacteroides|s__Bacteroides_ovatus,43,0.06652558139534884,43,0.032220697674418604,0.26863982062413977,0.48433545410053835,5.708918110404718e-05,0.00047982097451734887
k__Bacteria|p__Firmicutes|c__Clostridia|o__Clostridiales|f__Eubacteriaceae|g__Eubacterium|s__Eubacterium_sp_CAG_274,43,0.06511883720930232,43,0.0,0.4452065439933894,0.0,0.05878172135535886,0.18043432729079723
k__Bacteria|p__Bacteroidetes|c__Bacteroidia|o__Bacteroidales|f__Odoribacteraceae|g__Odoribacter|s__Odoribacter_splanchnicus,43,0.014665116279069768,43,0.054994651162790696,0.24307714374754072,3.750031715826197,0.0042192552707554665,0.02216574158024802
k__Bacteria|p__Firmicutes|c__Clostridia|o__Clostridiales|f__Clostridiales_unclassified|g__Monoglobus|s__Monoglobus_pectinilyticus,43,0.7061616279069766,43,0.015776976744186048,2.0833992836206687,0.02234187772415236,4.3607672705593014e-08,1.0843135555801169e-06
k__Bacteria|p__Bacteroidetes|c__Bacteroidia|o__Bacteroidales|f__Rikenellaceae|g__Alistipes|s__Alistipes_shahii,43,0.0,43,0.04149511627906977,0.2861741947431423,inf,0.017960477526078766,0.06817256523339575
k__Bacteria|p__Firmicutes|c__Clostridia|o__Clostridiales|f__Lachnospiraceae|g__Roseburia|s__Roseburia_hominis,43,0.10738511627906978,43,0.06394000000000001,0.14520043686829848,0.5954270220636007,2.3324925688808315e-06,2.8392064717756326e-05
k__Bacteria|p__Bacteroidetes|c__Bacteroidia|o__Bacteroidales|f__Tannerellaceae|g__Parabacteroides|s__Parabacteroides_distasonis,43,0.12408837209302323,43,0.06816581395348836,0.3511316128373223,0.5493328085760336,0.0025662885568954207,0.013936920932062823
k__Bacteria|p__Bacteroidetes|c__Bacteroidia|o__Bacteroidales|f__Rikenellaceae|g__Alistipes|s__Alistipes_onderdonkii,43,0.0,43,0.0,,inf,1.0,1.0
k__Bacteria|p__Bacteroidetes|c__Bacteroidia|o__Bacteroidales|f__Bacteroidaceae|g__Bacteroides|s__Bacteroides_faecis,43,0.07303953488372095,43,0.0831632558139535,0.026672356277508955,1.1386060432387681,5.893856927461972e-06,6.119210280570813e-05
k__Bacteria|p__Bacteroidetes|c__Bacteroidia|o__Bacteroidales|f__Bacteroidaceae|g__Bacteroides|s__Bacteroides_cellulosilyticus,43,0.0,43,0.0033465116279069768,0.22937126472554834,inf,0.17971249487899976,0.3236658708790149
k__Bacteria|p__Actinobacteria|c__Actinobacteria|o__Bifidobacteriales|f__Bifidobacteriaceae|g__Bifidobacterium|s__Bifidobacterium_catenulatum,43,0.5259060465116279,43,0.18751418604651163,0.3580470992494503,0.3565545353401174,2.6107177488930348e-05,0.00024252193825243193
k__Bacteria|p__Firmicutes|c__Clostridia|o__Clostridiales|f__Peptococcaceae|g__Peptococcus|s__Peptococcus_niger,43,0.0,43,0.008110232558139535,0.21566554640687682,inf,0.31731050786291415,0.42915942251191075
k__Bacteria|p__Firmicutes|c__Tissierellia|o__Tissierellales|f__Peptoniphilaceae|g__Parvimonas|s__Parvimonas_micra,43,0.0,43,0.008438372093023255,0.38235389008107956,inf,0.06788915486182899,0.18722555989238776
k__Bacteria|p__Firmicutes|c__Tissierellia|o__Tissierellales|f__Peptoniphilaceae|g__Anaerococcus|s__Anaerococcus_vaginalis,43,0.0,43,0.6651125581395348,0.2244627878332302,inf,0.027707849358079864,0.09980480432043053
k__Bacteria|p__Actinobacteria|c__Actinobacteria|o__Corynebacteriales|f__Corynebacteriaceae|g__Corynebacterium|s__Corynebacterium_argentoratense,43,0.0,43,0.007031627906976743,0.4451488649547827,inf,0.027707849358079864,0.09980480432043053
k__Bacteria|p__Firmicutes|c__Bacilli|o__Lactobacillales|f__Streptococcaceae|g__Streptococcus|s__Streptococcus_oralis,43,0.0011534883720930233,43,0.011473720930232557,0.44119780056948205,9.946975806451611,0.041389404009149304,0.13711170913896936
k__Bacteria|p__Firmicutes|c__Erysipelotrichia|o__Erysipelotrichales|f__Erysipelotrichaceae|g__Holdemania|s__Holdemania_filiformis,43,0.0,43,0.00875139534883721,0.468816542157889,inf,0.011718685599768628,0.050447512399003976
k__Bacteria|p__Firmicutes|c__Clostridia|o__Clostridiales|f__Peptostreptococcaceae|g__Peptostreptococcus|s__Peptostreptococcus_stomatis,43,0.0,43,0.01098372093023256,0.32791517742717835,inf,0.06788915486182899,0.18722555989238776
k__Bacteria|p__Firmicutes|c__Clostridia|o__Clostridiales|f__Peptostreptococcaceae|g__Peptostreptococcus|s__Peptostreptococcus_sp_MV1,43,0.0,43,0.2625032558139535,0.2161570811090027,inf,0.10880943004054568,0.2430995493943837
k__Bacteria|p__Firmicutes|c__Clostridia|o__Clostridiales|f__Peptostreptococcaceae|g__Peptostreptococcus|s__Peptostreptococcus_anaerobius,43,0.0,43,0.08995465116279071,0.38243889447459817,inf,0.007685794055213263,0.03666331488500381
k__Bacteria|p__Firmicutes|c__Clostridia|o__Clostridiales|f__Clostridiaceae|g__Lactonifactor|s__Lactonifactor_longoviformis,43,0.0007511627906976744,43,0.003485813953488372,0.3957161637533615,4.640557275541796,0.03665792867221451,0.1256334837018614
k__Bacteria|p__Actinobacteria|c__Actinobacteria|o__Propionibacteriales|f__Propionibacteriaceae|g__Cutibacterium|s__Cutibacterium_acnes,43,0.016782325581395346,43,0.014503255813953488,0.09260744560461576,0.8641982151765424,0.02864226255365902,0.10212847152971347
k__Bacteria|p__Firmicutes|c__Clostridia|o__Clostridiales|f__Clostridiales_Family_XIII_Incertae_Sedis|g__Mogibacterium|s__Mogibacterium_diversum,43,0.0,43,0.002956046511627907,0.30725762350233726,inf,0.043114446783075355,0.13711170913896936
k__Bacteria|p__Actinobacteria|c__Coriobacteriia|o__Coriobacteriales|f__Coriobacteriaceae|g__Enorma|s__Enorma_massiliensis,43,0.0,43,0.0003286046511627907,0.38182529210370125,inf,0.10880943004054568,0.2430995493943837
k__Bacteria|p__Firmicutes|c__Clostridia|o__Clostridiales|f__Clostridiales_Family_XIII_Incertae_Sedis|g__Clostridiales_Family_XIII_Incertae_Sedis_unclassified|s__Eubacterium_sulci,43,0.0,43,0.00038627906976744183,0.2621126155355552,inf,0.17971249487899976,0.3236658708790149
k__Bacteria|p__Firmicutes|c__Clostridia|o__Clostridiales|f__Lachnospiraceae|g__Blautia|s__Blautia_producta,43,9.348837209302326e-05,43,0.337483023255814,0.34713845771734675,3609.893034825871,0.0012250235420688657,0.006974730812101768
k__Bacteria|p__Actinobacteria|c__Actinobacteria|o__Actinomycetales|f__Actinomycetaceae|g__Actinomyces|s__Actinomyces_sp_S6_Spd3,43,0.0,43,0.0011760465116279072,0.4692779792429412,inf,0.017960477526078766,0.06817256523339575
k__Bacteria|p__Firmicutes|c__Clostridia|o__Clostridiales|f__Eubacteriaceae|g__Eubacterium|s__Eubacterium_sp_CAG_180,43,0.0,43,1.7790265116279071,0.4278575358978489,inf,0.06788915486182899,0.18722555989238776
k__Bacteria|p__Firmicutes|c__Clostridia|o__Clostridiales|f__Eubacteriaceae|g__Eubacterium|s__Eubacterium_sp_CAG_251,43,0.19032372093023256,43,0.10676906976744183,0.1056706680411224,0.5609866665363296,1.0,1.0
k__Bacteria|p__Firmicutes|c__Clostridia|o__Clostridiales|f__Oscillospiraceae|g__Oscillibacter|s__Oscillibacter_sp_CAG_241,43,0.09697325581395351,43,0.08765372093023256,0.03215279021378796,0.9038958235907765,0.00011995868801028926,0.0008469083373526422
k__Bacteria|p__Firmicutes|c__Clostridia|o__Clostridiales|f__Oscillospiraceae|g__Oscillibacter|s__Oscillibacter_sp_57_20,43,0.005854651162790697,43,0.015475813953488371,0.15413835366023987,2.643336643495531,0.4652088184521418,0.6104784866676805
k__Bacteria|p__Bacteroidetes|c__Bacteroidia|o__Bacteroidales|f__Prevotellaceae|g__Prevotella|s__Prevotella_buccalis,43,0.0,43,0.0,,inf,1.0,1.0
k__Bacteria|p__Actinobacteria|c__Coriobacteriia|o__Coriobacteriales|f__Atopobiaceae|g__Olsenella|s__Olsenella_scatoligenes,43,0.0,43,0.0,,inf,1.0,1.0
k__Bacteria|p__Firmicutes|c__Clostridia|o__Clostridiales|f__Peptostreptococcaceae|g__Romboutsia|s__Romboutsia_ilealis,43,0.0006809302325581396,43,0.0007953488372093024,0.030616148321400017,1.168032786885246,1.0,1.0
k__Bacteria|p__Firmicutes|c__Firmicutes_unclassified|o__Firmicutes_unclassified|f__Firmicutes_unclassified|g__Firmicutes_unclassified|s__Firmicutes_bacterium_CAG_170,43,0.0,43,0.0006820930232558139,0.21566554640687682,inf,0.31731050786291415,0.42915942251191075
k__Bacteria|p__Firmicutes|c__Clostridia|o__Clostridiales|f__Clostridiaceae|g__Clostridium|s__Clostridium_sp_CAG_167,43,0.0028211627906976748,43,0.0,0.3826941059807743,0.0,0.10247043485974937,0.2430995493943837
k__Bacteria|p__Bacteroidetes|c__Bacteroidia|o__Bacteroidales|f__Bacteroidaceae|g__Bacteroides|s__Bacteroides_thetaiotaomicron,43,0.0,43,0.6474811627906977,0.43030152518616127,inf,0.011718685599768628,0.050447512399003976
k__Bacteria|p__Firmicutes|c__Negativicutes|o__Veillonellales|f__Veillonellaceae|g__Veillonella|s__Veillonella_atypica,43,0.0,43,0.009557906976744185,0.3732578399225698,inf,0.10880943004054568,0.2430995493943837
k__Bacteria|p__Actinobacteria|c__Coriobacteriia|o__Eggerthellales|f__Eggerthellaceae|g__Enterorhabdus|s__Enterorhabdus_caecimuris,43,0.0019497674418604654,43,0.0010813953488372093,0.20676233398506344,0.5546278625954197,1.4549702483382502e-06,1.8343017773692942e-05
k__Bacteria|p__Firmicutes|c__Bacilli|o__Lactobacillales|f__Streptococcaceae|g__Lactococcus|s__Lactococcus_piscium,43,0.0,43,0.0,,inf,1.0,1.0
k__Bacteria|p__Proteobacteria|c__Gammaproteobacteria|o__Enterobacterales|f__Yersiniaceae|g__Yersinia|s__Yersinia_enterocolitica,43,0.0,43,0.0,,inf,1.0,1.0
k__Bacteria|p__Firmicutes|c__Bacilli|o__Lactobacillales|f__Streptococcaceae|g__Lactococcus|s__Lactococcus_lactis,43,0.0,43,0.829731395348837,0.3322554633516981,inf,0.017960477526078766,0.06817256523339575
k__Bacteria|p__Firmicutes|c__Negativicutes|o__Acidaminococcales|f__Acidaminococcaceae|g__Phascolarctobacterium|s__Phascolarctobacterium_faecium,43,0.0017709302325581394,43,0.0013837209302325583,0.05090051104349962,0.7813525935653317,0.6844698210251553,0.8691289454024453
k__Bacteria|p__Firmicutes|c__Erysipelotrichia|o__Erysipelotrichales|f__Erysipelotrichaceae|g__Catenibacterium|s__Catenibacterium_mitsuokai,43,0.03507837209302325,43,0.0,0.38276837370265676,0.0,0.0832645166635504,0.22266950289570678
k__Bacteria|p__Firmicutes|c__Clostridia|o__Clostridiales|f__Christensenellaceae|g__Christensenella|s__Christensenella_minuta,43,0.01650581395348837,43,0.019408372093023256,0.06719987932330976,1.1758506516379008,0.038473586442112774,0.12934453346729344
k__Bacteria|p__Actinobacteria|c__Actinobacteria|o__Actinomycetales|f__Actinomycetaceae|g__Actinomyces|s__Actinomyces_odontolyticus,43,0.00026930232558139536,43,0.005395813953488372,0.3841961195353573,20.03626943005181,0.009344113002204883,0.04397962519704432
k__Bacteria|p__Actinobacteria|c__Actinobacteria|o__Bifidobacteriales|f__Bifidobacteriaceae|g__Bifidobacterium|s__Bifidobacterium_animalis,43,0.02297790697674418,43,0.0013574418604651165,0.33655688889979585,0.059075957694448684,0.04639449764906708,0.14367552667043265
k__Bacteria|p__Actinobacteria|c__Actinobacteria|o__Bifidobacteriales|f__Bifidobacteriaceae|g__Bifidobacterium|s__Bifidobacterium_dentium,43,0.022391162790697673,43,0.012642093023255814,0.1315807929084269,0.5646018985895599,0.4811401552237462,0.6290462029406756
k__Bacteria|p__Firmicutes|c__Bacilli|o__Lactobacillales|f__Streptococcaceae|g__Streptococcus|s__Streptococcus_mitis,43,0.0009693023255813954,43,0.004154418604651163,0.26799844851485605,4.285988483685221,0.23588521058805278,0.418429544409963
k__Bacteria|p__Actinobacteria|c__Actinobacteria|o__Bifidobacteriales|f__Bifidobacteriaceae|g__Scardovia|s__Scardovia_wiggsiae,43,0.0004586046511627907,43,0.0013593023255813953,0.13909215254340568,2.963995943204868,1.0,1.0
k__Bacteria|p__Firmicutes|c__Bacilli|o__Lactobacillales|f__Streptococcaceae|g__Streptococcus|s__Streptococcus_vestibularis,43,0.0003558139534883721,43,0.0011609302325581395,0.14625091093351505,3.2627450980392156,1.0,1.0
k__Bacteria|p__Actinobacteria|c__Actinobacteria|o__Actinomycetales|f__Actinomycetaceae|g__Actinomyces|s__Actinomyces_naeslundii,43,0.00033116279069767446,43,0.0033997674418604646,0.22410016204150499,10.266151685393256,0.4982248534183389,0.6483827027046304
k__Bacteria|p__Actinobacteria|c__Actinobacteria|o__Actinomycetales|f__Actinomycetaceae|g__Actinomyces|s__Actinomyces_oris,43,0.001535813953488372,43,0.023066511627906978,0.21654206340994658,15.019079345851,0.7344021432940631,0.9258712735100152
k__Bacteria|p__Actinobacteria|c__Actinobacteria|o__Actinomycetales|f__Actinomycetaceae|g__Actinomyces|s__Actinomyces_sp_HMSC035G02,43,0.00022418604651162793,43,0.001380232558139535,0.25226016764628434,6.156639004149377,0.27332167829229814,0.42915942251191075
k__Bacteria|p__Actinobacteria|c__Actinobacteria|o__Actinomycetales|f__Actinomycetaceae|g__Actinomyces|s__Actinomyces_sp_ICM47,43,0.0001427906976744186,43,0.0019688372093023257,0.2057352273052363,13.78827361563518,1.0,1.0
k__Bacteria|p__Firmicutes|c__Clostridia|o__Clostridiales|f__Lachnospiraceae|g__Blautia|s__Blautia_coccoides,43,0.0,43,0.3476490697674419,0.5235810346396793,inf,0.0006549583433856954,0.004056145530090359
k__Bacteria|p__Firmicutes|c__Erysipelotrichia|o__Erysipelotrichales|f__Erysipelotrichaceae|g__Coprobacillus|s__Coprobacillus_cateniformis,43,0.0,43,0.00523046511627907,0.3215263838577946,inf,0.10880943004054568,0.2430995493943837
k__Bacteria|p__Firmicutes|c__Clostridia|o__Clostridiales|f__Peptostreptococcaceae|g__Clostridioides|s__Clostridioides_difficile,43,0.0,43,0.0066425581395348834,0.4502832183792434,inf,0.043114446783075355,0.13711170913896936
k__Bacteria|p__Firmicutes|c__Clostridia|o__Clostridiales|f__Clostridiaceae|g__Clostridium|s__Clostridium_cadaveris,43,0.0,43,0.08375116279069768,0.33556914203262983,inf,0.011718685599768628,0.050447512399003976
k__Bacteria|p__Firmicutes|c__Clostridia|o__Clostridiales|f__Lachnospiraceae|g__Lachnoclostridium|s__Clostridium_symbiosum,43,0.0,43,0.18959162790697676,0.33102025174559196,inf,0.00043777719457466354,0.0028097336306337497
k__Bacteria|p__Actinobacteria|c__Actinobacteria|o__Actinomycetales|f__Actinomycetaceae|g__Actinobaculum|s__Actinobaculum_massiliense,43,0.0,43,0.000123953488372093,0.21566554640687682,inf,0.31731050786291415,0.42915942251191075
k__Bacteria|p__Bacteroidetes|c__Bacteroidia|o__Bacteroidales|f__Rikenellaceae|g__Alistipes|s__Alistipes_indistinctus,43,0.0,43,0.01124767441860465,0.2401801308246976,inf,0.17971249487899976,0.3236658708790149
k__Bacteria|p__Bacteroidetes|c__Bacteroidia|o__Bacteroidales|f__Tannerellaceae|g__Parabacteroides|s__Parabacteroides_goldsteinii,43,0.0,43,0.027836279069767437,0.2319596330109817,inf,0.10880943004054568,0.2430995493943837
k__Bacteria|p__Firmicutes|c__Clostridia|o__Clostridiales|f__Ruminococcaceae|g__Ruminococcus|s__Ruminococcus_obeum_CAG_39,43,0.0015641860465116278,43,0.0009486046511627907,0.09174267931962382,0.6064525721082368,1.0,1.0
k__Bacteria|p__Firmicutes|c__Clostridia|o__Clostridiales|f__Ruminococcaceae|g__Harryflintia|s__Harryflintia_acetispora,43,0.0,43,0.00014604651162790697,0.21566554640687682,inf,0.31731050786291415,0.42915942251191075
k__Bacteria|p__Bacteroidetes|c__Bacteroidia|o__Bacteroidales|f__Bacteroidaceae|g__Bacteroides|s__Bacteroides_dorei,43,0.01805162790697674,43,0.20215302325581394,0.31359153577414794,11.198603488701657,0.01793400370703034,0.06817256523339575
k__Bacteria|p__Firmicutes|c__Bacilli|o__Lactobacillales|f__Lactobacillaceae|g__Lactobacillus|s__Lactobacillus_ruminis,43,0.0008586046511627907,43,0.0,0.3086942106872993,0.0,0.15729920705028502,0.3236658708790149
k__Bacteria|p__Firmicutes|c__Clostridia|o__Clostridiales|f__Ruminococcaceae|g__Ruminococcus|s__Ruminococcus_callidus,43,0.1304860465116279,43,0.0017011627906976746,2.078486046842643,0.013037124169028145,6.79884997479191e-08,1.3333300228341914e-06
k__Bacteria|p__Firmicutes|c__Bacilli|o__Lactobacillales|f__Lactobacillaceae|g__Lactobacillus|s__Lactobacillus_acidophilus,43,0.0008327906976744186,43,0.0,0.21566554640687682,0.0,0.31731050786291415,0.42915942251191075
k__Bacteria|p__Proteobacteria|c__Proteobacteria_unclassified|o__Proteobacteria_unclassified|f__Proteobacteria_unclassified|g__Proteobacteria_unclassified|s__Proteobacteria_bacterium_CAG_139,43,0.020565813953488374,43,0.0,2.2436736234808046,0.0,4.066142456598816e-08,1.0843135555801169e-06
k__Bacteria|p__Firmicutes|c__Bacilli|o__Lactobacillales|f__Lactobacillaceae|g__Lactobacillus|s__Lactobacillus_rogosae,43,0.00042255813953488366,43,0.0,0.21566554640687682,0.0,0.31731050786291415,0.42915942251191075
k__Bacteria|p__Firmicutes|c__Erysipelotrichia|o__Erysipelotrichales|f__Erysipelotrichaceae|g__Faecalicoccus|s__Faecalicoccus_pleomorphus,43,0.00040116279069767443,43,0.0,0.21566554640687682,0.0,0.31731050786291415,0.42915942251191075
k__Bacteria|p__Firmicutes|c__Clostridia|o__Clostridiales|f__Lachnospiraceae|g__Butyrivibrio|s__Butyrivibrio_sp_CAG_318,43,0.01453953488372093,43,0.0,0.3086942106872994,0.0,0.15729920705028502,0.3236658708790149
k__Bacteria|p__Bacteroidetes|c__Bacteroidia|o__Bacteroidales|f__Bacteroidaceae|g__Bacteroides|s__Bacteroides_galacturonicus,43,0.0,43,0.0,,inf,1.0,1.0
k__Bacteria|p__Firmicutes|c__Clostridia|o__Clostridiales|f__Eubacteriaceae|g__Eubacterium|s__Eubacterium_sp_CAG_38,43,0.0006023255813953489,43,0.036178372093023256,0.21206063475196715,60.064478764478764,1.0,1.0
k__Bacteria|p__Bacteroidetes|c__Bacteroidia|o__Bacteroidales|f__Bacteroidaceae|g__Bacteroides|s__Bacteroides_clarus,43,0.0,43,0.0,,inf,1.0,1.0
k__Bacteria|p__Firmicutes|c__Clostridia|o__Clostridiales|f__Clostridiales_unclassified|g__Lawsonibacter|s__Lawsonibacter_asaccharolyticus,43,0.0,43,0.02738627906976744,0.21696521517727482,inf,0.17971249487899976,0.3236658708790149
k__Bacteria|p__Firmicutes|c__Clostridia|o__Clostridiales|f__Clostridiaceae|g__Clostridium|s__Clostridium_sp_CAG_242,43,0.011782558139534884,43,0.0,0.5069890962303335,0.0,0.025347318677468252,0.09518727120368398
k__Bacteria|p__Bacteroidetes|c__Bacteroidia|o__Bacteroidales|f__Prevotellaceae|g__Prevotella|s__Prevotella_bivia,43,0.0,43,0.8333248837209303,0.21566554640687674,inf,0.31731050786291415,0.42915942251191075
k__Bacteria|p__Firmicutes|c__Tissierellia|o__Tissierellales|f__Peptoniphilaceae|g__Anaerococcus|s__Anaerococcus_lactolyticus,43,0.0,43,0.4045920930232559,0.21580951862115252,inf,0.17971249487899976,0.3236658708790149
k__Bacteria|p__Actinobacteria|c__Coriobacteriia|o__Eggerthellales|f__Eggerthellaceae|g__Slackia|s__Slackia_exigua,43,0.0,43,0.18066767441860465,0.21582306309458993,inf,0.17971249487899976,0.3236658708790149
k__Bacteria|p__Fusobacteria|c__Fusobacteriia|o__Fusobacteriales|f__Fusobacteriaceae|g__Fusobacterium|s__Fusobacterium_gonidiaformans,43,0.0,43,0.09730465116279069,0.2156655464068768,inf,0.31731050786291415,0.42915942251191075
k__Bacteria|p__Firmicutes|c__Tissierellia|o__Tissierellales|f__Peptoniphilaceae|g__Finegoldia|s__Finegoldia_magna,43,0.0,43,0.21071046511627906,0.29241736110632516,inf,0.06788915486182899,0.18722555989238776
k__Bacteria|p__Firmicutes|c__Tissierellia|o__Tissierellales|f__Peptoniphilaceae|g__Peptoniphilus|s__Peptoniphilus_coxii,43,0.0,43,0.07203744186046511,0.245481277155775,inf,0.10880943004054568,0.2430995493943837
k__Bacteria|p__Firmicutes|c__Negativicutes|o__Veillonellales|f__Veillonellaceae|g__Dialister|s__Dialister_pneumosintes,43,0.0,43,0.03159511627906976,0.24153014653946445,inf,0.10880943004054568,0.2430995493943837
k__Bacteria|p__Firmicutes|c__Clostridia|o__Clostridiales|f__Lachnospiraceae|g__Dorea|s__Dorea_sp_CAG_317,43,0.037318604651162796,43,0.9362016279069767,0.2922481289802247,25.08672649093288,0.0009971082241554668,0.005866320052114663
k__Bacteria|p__Actinobacteria|c__Actinobacteria|o__Actinomycetales|f__Actinomycetaceae|g__Actinomyces|s__Actinomyces_johnsonii,43,0.0,43,0.00560093023255814,0.24048725397908793,inf,0.06788915486182899,0.18722555989238776
k__Bacteria|p__Firmicutes|c__Clostridia|o__Clostridiales|f__Lachnospiraceae|g__Tyzzerella|s__Tyzzerella_nexilis,43,0.0,43,0.023269767441860465,0.40986191774042896,inf,0.007685794055213263,0.03666331488500381
k__Bacteria|p__Actinobacteria|c__Actinobacteria|o__Actinomycetales|f__Actinomycetaceae|g__Actinomyces|s__Actinomyces_massiliensis,43,0.0,43,0.0006651162790697675,0.21566554640687685,inf,0.31731050786291415,0.42915942251191075
k__Bacteria|p__Actinobacteria|c__Actinobacteria|o__Corynebacteriales|f__Corynebacteriaceae|g__Corynebacterium|s__Corynebacterium_durum,43,0.0,43,0.00045348837209302327,0.30097519639068004,inf,0.17971249487899976,0.3236658708790149
k__Bacteria|p__Actinobacteria|c__Actinobacteria|o__Micrococcales|f__Micrococcaceae|g__Rothia|s__Rothia_dentocariosa,43,0.0,43,0.00024953488372093024,0.21566554640687682,inf,0.31731050786291415,0.42915942251191075
k__Bacteria|p__Firmicutes|c__Bacilli|o__Bacillales|f__Bacillales_unclassified|g__Gemella|s__Gemella_asaccharolytica,43,0.0,43,0.0015611627906976743,0.287230254923252,inf,0.10880943004054568,0.2430995493943837
k__Bacteria|p__Actinobacteria|c__Actinobacteria|o__Actinomycetales|f__Actinomycetaceae|g__Actinomyces|s__Actinomyces_sp_oral_taxon_180,43,0.0,43,7.837209302325582e-05,0.21566554640687682,inf,0.31731050786291415,0.42915942251191075
k__Bacteria|p__Firmicutes|c__Clostridia|o__Clostridiales|f__Ruminococcaceae|g__Anaerotruncus|s__Anaerotruncus_colihominis,43,0.0,43,0.007112790697674419,0.3998093903653197,inf,0.017960477526078766,0.06817256523339575
k__Bacteria|p__Proteobacteria|c__Gammaproteobacteria|o__Enterobacterales|f__Enterobacteriaceae|g__Klebsiella|s__Klebsiella_oxytoca,43,0.0,43,0.01586325581395349,0.22301705962455504,inf,0.10880943004054568,0.2430995493943837
k__Bacteria|p__Firmicutes|c__Clostridia|o__Clostridiales|f__Lachnospiraceae|g__Lachnoclostridium|s__Clostridium_citroniae,43,0.0,43,0.0012095348837209302,0.2599417297327943,inf,0.17971249487899976,0.3236658708790149
k__Bacteria|p__Bacteroidetes|c__Bacteroidia|o__Bacteroidales|f__Bacteroidaceae|g__Bacteroides|s__Bacteroides_plebeius,43,0.0,43,0.0,,inf,1.0,1.0
k__Bacteria|p__Proteobacteria|c__Betaproteobacteria|o__Burkholderiales|f__Sutterellaceae|g__Turicimonas|s__Turicimonas_muris,43,0.0,43,0.0,,inf,1.0,1.0
k__Bacteria|p__Proteobacteria|c__Betaproteobacteria|o__Burkholderiales|f__Sutterellaceae|g__Parasutterella|s__Parasutterella_excrementihominis,43,0.0,43,0.02361139534883721,0.2156655464068768,inf,0.31731050786291415,0.42915942251191075
k__Bacteria|p__Firmicutes|c__Negativicutes|o__Veillonellales|f__Veillonellaceae|g__Dialister|s__Dialister_sp_CAG_357,43,0.0006139534883720931,43,0.0,0.3827683737026568,0.0,0.0832645166635504,0.22266950289570678
k__Bacteria|p__Bacteroidetes|c__Bacteroidia|o__Bacteroidales|f__Bacteroidaceae|g__Bacteroides|s__Bacteroides_eggerthii,43,0.0,43,0.0,,inf,1.0,1.0
k__Bacteria|p__Firmicutes|c__Firmicutes_unclassified|o__Firmicutes_unclassified|f__Firmicutes_unclassified|g__Firmicutes_unclassified|s__Firmicutes_bacterium_CAG_94,43,0.0,43,0.00477,0.23044620687262057,inf,0.17971249487899976,0.3236658708790149
k__Bacteria|p__Firmicutes|c__Erysipelotrichia|o__Erysipelotrichales|f__Erysipelotrichaceae|g__Faecalitalea|s__Faecalitalea_cylindroides,43,0.0,43,0.0,,inf,1.0,1.0
k__Bacteria|p__Bacteroidetes|c__Bacteroidia|o__Bacteroidales|f__Rikenellaceae|g__Alistipes|s__Alistipes_sp_CAG_831,43,0.0,43,0.0,,inf,1.0,1.0
k__Bacteria|p__Firmicutes|c__Clostridia|o__Clostridiales|f__Lachnospiraceae|g__Roseburia|s__Roseburia_sp_CAG_309,43,0.004538604651162791,43,0.0,0.3086942106872994,0.0,0.15729920705028502,0.3236658708790149
k__Bacteria|p__Bacteroidetes|c__Bacteroidia|o__Bacteroidales|f__Bacteroidaceae|g__Bacteroides|s__Bacteroides_massiliensis,43,0.0,43,0.0,,inf,1.0,1.0
k__Bacteria|p__Bacteroidetes|c__Bacteroidia|o__Bacteroidales|f__Bacteroidaceae|g__Bacteroides|s__Bacteroides_finegoldii,43,0.0,43,0.0,,inf,1.0,1.0
k__Bacteria|p__Firmicutes|c__Clostridia|o__Clostridiales|f__Clostridiaceae|g__Clostridium|s__Clostridium_sp_CAG_253,43,0.0,43,0.0,,inf,1.0,1.0
k__Bacteria|p__Proteobacteria|c__Deltaproteobacteria|o__Desulfovibrionales|f__Desulfovibrionaceae|g__Desulfovibrionaceae_unclassified|s__Desulfovibrionaceae_bacterium,43,0.0,43,0.0,,inf,1.0,1.0
k__Bacteria|p__Bacteroidetes|c__Bacteroidia|o__Bacteroidales|f__Bacteroidaceae|g__Bacteroides|s__Bacteroides_stercoris,43,0.0009895348837209302,43,0.023673255813953485,0.20977960980754512,23.923619271445354,0.9141283452014198,1.0
k__Bacteria|p__Firmicutes|c__Firmicutes_unclassified|o__Firmicutes_unclassified|f__Firmicutes_unclassified|g__Firmicutes_unclassified|s__Firmicutes_bacterium_CAG_238,43,0.0,43,0.0,,inf,1.0,1.0
k__Bacteria|p__Bacteroidetes|c__Bacteroidia|o__Bacteroidales|f__Prevotellaceae|g__Paraprevotella|s__Paraprevotella_xylaniphila,43,0.0,43,0.0,,inf,1.0,1.0
k__Bacteria|p__Firmicutes|c__Clostridia|o__Clostridiales|f__Clostridiaceae|g__Clostridium|s__Clostridium_sp_CAG_299,43,0.0,43,0.0,,inf,1.0,1.0
k__Bacteria|p__Firmicutes|c__Clostridia|o__Clostridiales|f__Lachnospiraceae|g__Blautia|s__Blautia_sp_An249,43,0.0,43,0.0,,inf,1.0,1.0
k__Bacteria|p__Proteobacteria|c__Deltaproteobacteria|o__Desulfovibrionales|f__Desulfovibrionaceae|g__Bilophila|s__Bilophila_wadsworthia,43,0.02871627906976745,43,9.186046511627907e-05,2.1153761995358886,0.0031988986070618716,4.6075646837682016e-08,1.0843135555801169e-06
k__Bacteria|p__Actinobacteria|c__Actinobacteria|o__Bifidobacteriales|f__Bifidobacteriaceae|g__Bifidobacterium|s__Bifidobacterium_breve,43,0.0,43,0.20905953488372095,0.21726771876972856,inf,0.17971249487899976,0.3236658708790149
k__Bacteria|p__Bacteroidetes|c__Bacteroidia|o__Bacteroidales|f__Bacteroidaceae|g__Bacteroides|s__Bacteroides_intestinalis,43,0.0,43,0.13505581395348837,0.304103296592058,inf,0.10880943004054568,0.2430995493943837
k__Bacteria|p__Firmicutes|c__Firmicutes_unclassified|o__Firmicutes_unclassified|f__Firmicutes_unclassified|g__Firmicutes_unclassified|s__Firmicutes_bacterium_CAG_95,43,0.0,43,0.0,,inf,1.0,1.0
k__Bacteria|p__Firmicutes|c__Clostridia|o__Clostridiales|f__Lachnospiraceae|g__Blautia|s__Blautia_hansenii,43,0.0,43,0.05059488372093023,0.27098202421581224,inf,0.06788915486182899,0.18722555989238776
k__Bacteria|p__Firmicutes|c__Clostridia|o__Clostridiales|f__Lachnospiraceae|g__Lachnoclostridium|s__Clostridium_lavalense,43,0.0,43,0.004253953488372093,0.21883982218975875,inf,0.17971249487899976,0.3236658708790149
k__Bacteria|p__Firmicutes|c__Clostridia|o__Clostridiales|f__Lachnospiraceae|g__Lachnoclostridium|s__Clostridium_clostridioforme,43,0.0,43,0.12691511627906976,0.4565181205266854,inf,0.011718685599768628,0.050447512399003976
k__Bacteria|p__Firmicutes|c__Erysipelotrichia|o__Erysipelotrichales|f__Erysipelotrichaceae|g__Absiella|s__Absiella_dolichum,43,0.0,43,0.12994348837209302,0.4058795369843156,inf,0.027707849358079864,0.09980480432043053
k__Bacteria|p__Firmicutes|c__Clostridia|o__Clostridiales|f__Lachnospiraceae|g__Lachnoclostridium|s__Clostridium_saccharolyticum,43,0.005525581395348838,43,0.0,2.123216920016756,0.0,4.320463057827488e-08,1.0843135555801169e-06
k__Bacteria|p__Firmicutes|c__Clostridia|o__Clostridiales|f__Eubacteriaceae|g__Eubacterium|s__Eubacterium_dolichum_CAG_375,43,0.0,43,0.11869348837209302,0.42001572726381675,inf,0.027707849358079864,0.09980480432043053
k__Bacteria|p__Firmicutes|c__Erysipelotrichia|o__Erysipelotrichales|f__Erysipelotrichaceae|g__Candidatus_Stoquefichus|s__Candidatus_Stoquefichus_sp_KLE1796,43,0.0,43,0.0,,inf,1.0,1.0
k__Bacteria|p__Firmicutes|c__Bacilli|o__Lactobacillales|f__Lactobacillaceae|g__Lactobacillus|s__Lactobacillus_crispatus,43,0.0,43,0.0,,inf,1.0,1.0
k__Bacteria|p__Firmicutes|c__Bacilli|o__Lactobacillales|f__Lactobacillaceae|g__Lactobacillus|s__Lactobacillus_gasseri,43,0.0,43,0.014549767441860465,0.21566554640687682,inf,0.31731050786291415,0.42915942251191075
k__Bacteria|p__Firmicutes|c__Clostridia|o__Clostridiales|f__Ruminococcaceae|g__Ruminococcus|s__Ruminococcus_sp_CAG_403,43,0.0,43,0.0,,inf,1.0,1.0
k__Bacteria|p__Bacteroidetes|c__Bacteroidia|o__Bacteroidales|f__Prevotellaceae|g__Prevotella|s__Prevotella_sp_CAG_755,43,0.0,43,0.0,,inf,1.0,1.0
k__Bacteria|p__Firmicutes|c__Erysipelotrichia|o__Erysipelotrichales|f__Erysipelotrichaceae|g__Massiliomicrobiota|s__Massiliomicrobiota_timonensis,43,0.0,43,6.27906976744186e-05,0.21566554640687682,inf,0.31731050786291415,0.42915942251191075
k__Bacteria|p__Firmicutes|c__Clostridia|o__Clostridiales|f__Lachnospiraceae|g__Butyrivibrio|s__Butyrivibrio_crossotus,43,0.0,43,0.0,,inf,1.0,1.0
k__Bacteria|p__Firmicutes|c__Bacilli|o__Lactobacillales|f__Leuconostocaceae|g__Leuconostoc|s__Leuconostoc_mesenteroides,43,0.0,43,0.0004916279069767442,0.3070179868313256,inf,0.17971249487899976,0.3236658708790149
k__Bacteria|p__Firmicutes|c__Clostridia|o__Clostridiales|f__Lachnospiraceae|g__Roseburia|s__Roseburia_sp_CAG_303,43,0.0,43,0.0,,inf,1.0,1.0
k__Bacteria|p__Firmicutes|c__Firmicutes_unclassified|o__Firmicutes_unclassified|f__Firmicutes_unclassified|g__Firmicutes_unclassified|s__Firmicutes_bacterium_CAG_534,43,0.0,43,0.0,,inf,1.0,1.0
k__Bacteria|p__Firmicutes|c__Clostridia|o__Clostridiales|f__Clostridiaceae|g__Clostridium|s__Clostridium_celatum,43,0.0,43,0.0,,inf,1.0,1.0
k__Bacteria|p__Actinobacteria|c__Actinobacteria|o__Bifidobacteriales|f__Bifidobacteriaceae|g__Bifidobacterium|s__Bifidobacterium_angulatum,43,0.0,43,0.0,,inf,1.0,1.0
k__Bacteria|p__Firmicutes|c__Firmicutes_unclassified|o__Firmicutes_unclassified|f__Firmicutes_unclassified|g__Firmicutes_unclassified|s__Firmicutes_bacterium_CAG_555,43,0.0,43,0.0,,inf,1.0,1.0
k__Bacteria|p__Firmicutes|c__Negativicutes|o__Veillonellales|f__Veillonellaceae|g__Dialister|s__Dialister_succinatiphilus,43,0.0,43,0.0,,inf,1.0,1.0
k__Bacteria|p__Firmicutes|c__Clostridia|o__Clostridiales|f__Clostridiaceae|g__Clostridium|s__Clostridium_sp_CAG_590,43,0.0,43,0.0,,inf,1.0,1.0
k__Bacteria|p__Firmicutes|c__Clostridia|o__Clostridiales|f__Ruminococcaceae|g__Ruminococcus|s__Ruminococcus_sp_CAG_563,43,0.0,43,0.0,,inf,1.0,1.0
k__Bacteria|p__Firmicutes|c__Clostridia|o__Clostridiales|f__Ruminococcaceae|g__Ruminococcus|s__Ruminococcus_sp_CAG_624,43,0.0,43,0.0,,inf,1.0,1.0
k__Bacteria|p__Firmicutes|c__Clostridia|o__Clostridiales|f__Clostridiaceae|g__Clostridium|s__Clostridium_sp_CAG_413,43,0.0,43,0.0,,inf,1.0,1.0
k__Bacteria|p__Firmicutes|c__Clostridia|o__Clostridiales|f__Clostridiales_unclassified|g__Clostridiales_unclassified|s__Bacteroides_pectinophilus,43,0.015650697674418606,43,0.0,0.3086942106872994,0.0,0.15729920705028502,0.3236658708790149
k__Bacteria|p__Firmicutes|c__Clostridia|o__Clostridiales|f__Clostridiaceae|g__Clostridium|s__Clostridium_sp_CAG_510,43,0.0026195348837209304,43,0.0,0.3086942106872994,0.0,0.15729920705028502,0.3236658708790149
k__Bacteria|p__Firmicutes|c__Clostridia|o__Clostridiales|f__Clostridiaceae|g__Clostridium|s__Clostridium_sp_CAG_678,43,0.0,43,0.0,,inf,1.0,1.0
k__Bacteria|p__Bacteroidetes|c__Bacteroidia|o__Bacteroidales|f__Rikenellaceae|g__Alistipes|s__Alistipes_sp_An31A,43,0.0,43,0.0,,inf,1.0,1.0
k__Bacteria|p__Firmicutes|c__Bacilli|o__Lactobacillales|f__Lactobacillaceae|g__Lactobacillus|s__Lactobacillus_algidus,43,0.0,43,0.0,,inf,1.0,1.0
k__Bacteria|p__Firmicutes|c__Bacilli|o__Lactobacillales|f__Lactobacillaceae|g__Lactobacillus|s__Lactobacillus_sakei,43,0.0,43,0.0,,inf,1.0,1.0
k__Bacteria|p__Actinobacteria|c__Actinobacteria|o__Actinomycetales|f__Actinomycetaceae|g__Actinomyces|s__Actinomyces_sp_oral_taxon_181,43,0.0,43,0.000751860465116279,0.2908405134525307,inf,0.17971249487899976,0.3236658708790149
k__Bacteria|p__Firmicutes|c__Clostridia|o__Clostridiales|f__Ruminococcaceae|g__Ruminococcus|s__Ruminococcus_sp_CAG_488,43,0.0,43,0.0,,inf,1.0,1.0
k__Bacteria|p__Firmicutes|c__Erysipelotrichia|o__Erysipelotrichales|f__Erysipelotrichaceae|g__Dielma|s__Dielma_fastidiosa,43,0.0,43,0.005298372093023256,0.2898011708749509,inf,0.17971249487899976,0.3236658708790149
k__Bacteria|p__Firmicutes|c__Erysipelotrichia|o__Erysipelotrichales|f__Erysipelotrichaceae|g__Solobacterium|s__Solobacterium_moorei,43,0.0,43,0.0007046511627906976,0.3470317556488002,inf,0.10880943004054568,0.2430995493943837
k__Bacteria|p__Firmicutes|c__Bacilli|o__Bacillales|f__Staphylococcaceae|g__Staphylococcus|s__Staphylococcus_aureus,43,0.0,43,0.0,,inf,1.0,1.0
k__Bacteria|p__Actinobacteria|c__Actinobacteria|o__Actinomycetales|f__Actinomycetaceae|g__Actinomyces|s__Actinomyces_urogenitalis,43,0.0,43,0.01234418604651163,0.21566554640687688,inf,0.31731050786291415,0.42915942251191075
k__Bacteria|p__Actinobacteria|c__Actinobacteria|o__Actinomycetales|f__Actinomycetaceae|g__Varibaculum|s__Varibaculum_cambriense,43,0.0,43,0.015303488372093024,0.21566554640687688,inf,0.31731050786291415,0.42915942251191075
k__Bacteria|p__Firmicutes|c__Tissierellia|o__Tissierellales|f__Peptoniphilaceae|g__Parvimonas|s__Parvimonas_sp_KA00067,43,0.0,43,0.0003669767441860466,0.21566554640687682,inf,0.31731050786291415,0.42915942251191075
k__Bacteria|p__Firmicutes|c__Clostridia|o__Clostridiales|f__Clostridiaceae|g__Clostridium|s__Clostridium_paraputrificum,43,0.0,43,0.01743767441860465,0.21566554640687688,inf,0.31731050786291415,0.42915942251191075
k__Bacteria|p__Firmicutes|c__Negativicutes|o__Veillonellales|f__Veillonellaceae|g__Veillonella|s__Veillonella_rodentium,43,0.0,43,0.0,,inf,1.0,1.0
k__Bacteria|p__Firmicutes|c__Bacilli|o__Lactobacillales|f__Carnobacteriaceae|g__Granulicatella|s__Granulicatella_adiacens,43,0.0,43,0.0,,inf,1.0,1.0
k__Bacteria|p__Proteobacteria|c__Betaproteobacteria|o__Neisseriales|f__Neisseriaceae|g__Eikenella|s__Eikenella_corrodens,43,0.0,43,0.003061627906976744,0.2156655464068769,inf,0.31731050786291415,0.42915942251191075
k__Bacteria|p__Firmicutes|c__Clostridia|o__Clostridiales|f__Lachnospiraceae|g__Anaerostipes|s__Anaerostipes_caccae,43,0.0,43,0.026319999999999996,0.25111971723974885,inf,0.10880943004054568,0.2430995493943837
k__Bacteria|p__Actinobacteria|c__Actinobacteria|o__Corynebacteriales|f__Corynebacteriales_unclassified|g__Lawsonella|s__Lawsonella_clevelandensis,43,0.0,43,0.12573441860465112,0.21932392447982832,inf,0.17971249487899976,0.3236658708790149
k__Bacteria|p__Actinobacteria|c__Actinobacteria|o__Actinomycetales|f__Actinomycetaceae|g__Actinomyces|s__Actinomyces_radingae,43,0.0,43,0.000883953488372093,0.21566554640687685,inf,0.31731050786291415,0.42915942251191075
k__Bacteria|p__Actinobacteria|c__Coriobacteriia|o__Coriobacteriales|f__Atopobiaceae|g__Atopobium|s__Atopobium_rimae,43,0.0,43,0.0005458139534883722,0.21566554640687677,inf,0.31731050786291415,0.42915942251191075
k__Bacteria|p__Proteobacteria|c__Gammaproteobacteria|o__Enterobacterales|f__Enterobacteriaceae|g__Klebsiella|s__Klebsiella_michiganensis,43,0.0,43,0.6395953488372094,0.21566554640687688,inf,0.31731050786291415,0.42915942251191075
k__Bacteria|p__Fusobacteria|c__Fusobacteriia|o__Fusobacteriales|f__Fusobacteriaceae|g__Fusobacterium|s__Fusobacterium_nucleatum,43,0.0,43,0.007963023255813953,0.2216416027791446,inf,0.17971249487899976,0.3236658708790149
k__Bacteria|p__Firmicutes|c__Clostridia|o__Clostridiales|f__Clostridiaceae|g__Clostridium|s__Clostridium_perfringens,43,0.0,43,0.002103720930232558,0.21566554640687688,inf,0.31731050786291415,0.42915942251191075
k__Bacteria|p__Firmicutes|c__Negativicutes|o__Veillonellales|f__Veillonellaceae|g__Veillonella|s__Veillonella_sp_T11011_6,43,0.0,43,0.0027916279069767442,0.2925151429927309,inf,0.10880943004054568,0.2430995493943837
k__Bacteria|p__Proteobacteria|c__Gammaproteobacteria|o__Pasteurellales|f__Pasteurellaceae|g__Aggregatibacter|s__Aggregatibacter_segnis,43,0.0,43,0.001661627906976744,0.21566554640687677,inf,0.31731050786291415,0.42915942251191075
k__Bacteria|p__Firmicutes|c__Bacilli|o__Lactobacillales|f__Enterococcaceae|g__Enterococcus|s__Enterococcus_gallinarum,43,0.0,43,0.0004697674418604651,0.2156655464068768,inf,0.31731050786291415,0.42915942251191075
k__Bacteria|p__Firmicutes|c__Clostridia|o__Clostridiales|f__Eubacteriaceae|g__Eubacterium|s__Eubacterium_limosum,43,0.0,43,0.0017569767441860467,0.3827352814338578,inf,0.10880943004054568,0.2430995493943837
k__Bacteria|p__Firmicutes|c__Bacilli|o__Lactobacillales|f__Enterococcaceae|g__Enterococcus|s__Enterococcus_gilvus,43,0.0,43,0.00013465116279069768,0.2156655464068768,inf,0.31731050786291415,0.42915942251191075
k__Bacteria|p__Firmicutes|c__Bacilli|o__Lactobacillales|f__Lactobacillaceae|g__Pediococcus|s__Pediococcus_acidilactici,43,0.0,43,0.02035093023255814,0.21566554640687688,inf,0.31731050786291415,0.42915942251191075
k__Bacteria|p__Firmicutes|c__Bacilli|o__Lactobacillales|f__Lactobacillaceae|g__Lactobacillus|s__Lactobacillus_rhamnosus,43,0.0,43,0.004928837209302326,0.36774223309118487,inf,0.10880943004054568,0.2430995493943837
k__Bacteria|p__Proteobacteria|c__Gammaproteobacteria|o__Enterobacterales|f__Enterobacteriaceae|g__Citrobacter|s__Citrobacter_youngae,43,0.0,43,0.0022820930232558137,0.30847293912996787,inf,0.17971249487899976,0.3236658708790149
k__Bacteria|p__Proteobacteria|c__Gammaproteobacteria|o__Enterobacterales|f__Enterobacteriaceae|g__Citrobacter|s__Citrobacter_freundii,43,0.0,43,0.005648139534883721,0.26146033633312715,inf,0.17971249487899976,0.3236658708790149
k__Bacteria|p__Proteobacteria|c__Gammaproteobacteria|o__Enterobacterales|f__Enterobacteriaceae|g__Citrobacter|s__Citrobacter_pasteurii,43,0.0,43,0.0008872093023255815,0.21566554640687682,inf,0.31731050786291415,0.42915942251191075
k__Bacteria|p__Firmicutes|c__Bacilli|o__Lactobacillales|f__Streptococcaceae|g__Streptococcus|s__Streptococcus_pyogenes,43,0.0,43,0.0029790697674418605,0.29763550172845876,inf,0.10880943004054568,0.2430995493943837
k__Bacteria|p__Firmicutes|c__Bacilli|o__Lactobacillales|f__Enterococcaceae|g__Enterococcus|s__Enterococcus_avium,43,0.0,43,0.0028481395348837206,0.3060047401341372,inf,0.17971249487899976,0.3236658708790149
k__Bacteria|p__Proteobacteria|c__Gammaproteobacteria|o__Enterobacterales|f__Enterobacteriaceae|g__Citrobacter|s__Citrobacter_braakii,43,0.0,43,0.0,,inf,1.0,1.0
k__Bacteria|p__Firmicutes|c__Clostridia|o__Clostridiales|f__Ruminococcaceae|g__Gemmiger|s__Gemmiger_sp_An87,43,0.0,43,0.0,,inf,1.0,1.0
k__Bacteria|p__Firmicutes|c__Bacilli|o__Lactobacillales|f__Enterococcaceae|g__Enterococcus|s__Enterococcus_italicus,43,0.0,43,0.0,,inf,1.0,1.0
k__Bacteria|p__Firmicutes|c__Bacilli|o__Lactobacillales|f__Leuconostocaceae|g__Leuconostoc|s__Leuconostoc_lactis,43,0.0,43,0.00043395348837209303,0.21566554640687688,inf,0.31731050786291415,0.42915942251191075
k__Bacteria|p__Firmicutes|c__Clostridia|o__Clostridiales|f__Lachnospiraceae|g__Lachnoclostridium|s__Clostridium_aldenense,43,0.0,43,0.00015348837209302327,0.21566554640687688,inf,0.31731050786291415,0.42915942251191075
k__Bacteria|p__Firmicutes|c__Tissierellia|o__Tissierellales|f__Peptoniphilaceae|g__Peptoniphilus|s__Peptoniphilus_harei,43,0.0,43,0.22069604651162794,0.21670171680550762,inf,0.06788915486182899,0.18722555989238776
k__Bacteria|p__Firmicutes|c__Bacilli|o__Lactobacillales|f__Lactobacillaceae|g__Lactobacillus|s__Lactobacillus_fermentum,43,0.0,43,0.008638837209302325,0.2234958046347291,inf,0.17971249487899976,0.3236658708790149
k__Bacteria|p__Firmicutes|c__Clostridia|o__Clostridiales|f__Clostridiaceae|g__Clostridium|s__Clostridium_ventriculi,43,0.0,43,2.372093023255814e-05,0.21566554640687682,inf,0.31731050786291415,0.42915942251191075
k__Bacteria|p__Firmicutes|c__Clostridia|o__Clostridiales|f__Lachnospiraceae|g__Lachnoclostridium|s__Lachnoclostridium_sp_An118,43,0.0,43,0.0008893023255813954,0.2156655464068768,inf,0.31731050786291415,0.42915942251191075
k__Bacteria|p__Firmicutes|c__Bacilli|o__Bacillales|f__Bacillales_unclassified|g__Gemella|s__Gemella_morbillorum,43,0.0,43,0.0013518604651162791,0.37903056971347654,inf,0.043114446783075355,0.13711170913896936
k__Bacteria|p__Firmicutes|c__Clostridia|o__Clostridiales|f__Ruminococcaceae|g__Ruminococcaceae_unclassified|s__Ruminococcaceae_bacterium_D5,43,0.0,43,0.0007144186046511628,0.21566554640687685,inf,0.31731050786291415,0.42915942251191075
k__Bacteria|p__Firmicutes|c__Bacilli|o__Lactobacillales|f__Lactobacillaceae|g__Lactobacillus|s__Lactobacillus_salivarius,43,0.0,43,0.0,,inf,1.0,1.0
k__Bacteria|p__Firmicutes|c__Clostridia|o__Clostridiales|f__Lachnospiraceae|g__Faecalicatena|s__Faecalicatena_orotica,43,0.0,43,0.20811302325581396,0.37696610617595794,inf,0.10880943004054568,0.2430995493943837
k__Bacteria|p__Bacteroidetes|c__Bacteroidia|o__Bacteroidales|f__Barnesiellaceae|g__Coprobacter|s__Coprobacter_fastidiosus,43,0.0,43,0.009101162790697673,0.3206785329852375,inf,0.10880943004054568,0.2430995493943837
k__Bacteria|p__Firmicutes|c__Bacilli|o__Lactobacillales|f__Leuconostocaceae|g__Leuconostoc|s__Leuconostoc_garlicum,43,0.0,43,0.00544813953488372,0.3015387555404259,inf,0.17971249487899976,0.3236658708790149
k__Bacteria|p__Firmicutes|c__Erysipelotrichia|o__Erysipelotrichales|f__Erysipelotrichaceae|g__Erysipelothrix|s__Erysipelothrix_larvae,43,0.0,43,0.011607906976744188,0.21837246852379766,inf,0.17971249487899976,0.3236658708790149
k__Bacteria|p__Bacteroidetes|c__Bacteroidia|o__Bacteroidales|f__Porphyromonadaceae|g__Porphyromonas|s__Porphyromonas_asaccharolytica,43,0.0,43,0.01531139534883721,0.3043796543683496,inf,0.17971249487899976,0.3236658708790149
k__Bacteria|p__Actinobacteria|c__Actinobacteria|o__Corynebacteriales|f__Corynebacteriaceae|g__Corynebacterium|s__Corynebacterium_amycolatum,43,0.0,43,0.0012032558139534885,0.21566554640687685,inf,0.31731050786291415,0.42915942251191075
k__Bacteria|p__Firmicutes|c__Bacilli|o__Lactobacillales|f__Streptococcaceae|g__Streptococcus|s__Streptococcus_salivarius_CAG_79,43,0.0,43,0.00021046511627906977,0.2156655464068768,inf,0.31731050786291415,0.42915942251191075
k__Bacteria|p__Firmicutes|c__Clostridia|o__Clostridiales|f__Lachnospiraceae|g__Dorea|s__Dorea_sp_D27,43,0.0,43,0.001919767441860465,0.22696537632177288,inf,0.17971249487899976,0.3236658708790149
k__Bacteria|p__Firmicutes|c__Clostridia|o__Clostridiales|f__Clostridiaceae|g__Clostridium|s__Butyribacterium_methylotrophicum,43,0.0,43,0.0001344186046511628,0.21566554640687677,inf,0.31731050786291415,0.42915942251191075
k__Bacteria|p__Firmicutes|c__Clostridia|o__Clostridiales|f__Ruminococcaceae|g__Ruminococcaceae_unclassified|s__Ruminococcaceae_bacterium_D16,43,0.0,43,0.005580232558139535,0.21566554640687685,inf,0.31731050786291415,0.42915942251191075
k__Bacteria|p__Firmicutes|c__Negativicutes|o__Veillonellales|f__Veillonellaceae|g__Negativicoccus|s__Negativicoccus_succinicivorans,43,0.0,43,0.010756976744186048,0.24469729496111553,inf,0.10880943004054568,0.2430995493943837
k__Bacteria|p__Actinobacteria|c__Actinobacteria|o__Bifidobacteriales|f__Bifidobacteriaceae|g__Alloscardovia|s__Alloscardovia_omnicolens,43,0.0,43,0.0016662790697674424,0.26485050465519056,inf,0.17971249487899976,0.3236658708790149
k__Bacteria|p__Actinobacteria|c__Actinobacteria|o__Actinomycetales|f__Actinomycetaceae|g__Actinobaculum|s__Actinobaculum_sp_oral_taxon_183,43,0.0,43,0.0001897674418604651,0.21566554640687685,inf,0.31731050786291415,0.42915942251191075
k__Bacteria|p__Bacteroidetes|c__Bacteroidia|o__Bacteroidales|f__Odoribacteraceae|g__Butyricimonas|s__Butyricimonas_virosa,43,0.0,43,0.0005183720930232558,0.2156655464068768,inf,0.31731050786291415,0.42915942251191075
k__Bacteria|p__Firmicutes|c__Tissierellia|o__Tissierellales|f__Peptoniphilaceae|g__Parvimonas|s__Parvimonas_sp_oral_taxon_110,43,0.0,43,0.008476511627906975,0.21566554640687688,inf,0.31731050786291415,0.42915942251191075
k__Bacteria|p__Firmicutes|c__Bacilli|o__Lactobacillales|f__Streptococcaceae|g__Streptococcus|s__Streptococcus_viridans,43,0.0,43,0.0006713953488372093,0.21566554640687688,inf,0.31731050786291415,0.42915942251191075
k__Bacteria|p__Actinobacteria|c__Actinobacteria|o__Bifidobacteriales|f__Bifidobacteriaceae|g__Aeriscardovia|s__Aeriscardovia_aeriphila,43,0.00023720930232558137,43,0.0,0.3827683737026567,0.0,0.0832645166635504,0.22266950289570678
k__Bacteria|p__Firmicutes|c__Bacilli|o__Lactobacillales|f__Lactobacillaceae|g__Lactobacillus|s__Lactobacillus_paragasseri,43,0.00021139534883720933,43,0.023817906976744185,0.21374873857556734,112.66996699669966,0.7054569861112734,0.8925674412088872
k__Bacteria|p__Firmicutes|c__Tissierellia|o__Tissierellales|f__Peptoniphilaceae|g__Peptoniphilus|s__Peptoniphilus_duerdenii,43,0.0,43,0.0,,inf,1.0,1.0
k__Bacteria|p__Proteobacteria|c__Gammaproteobacteria|o__Enterobacterales|f__Morganellaceae|g__Proteus|s__Proteus_mirabilis,43,0.0,43,0.013740465116279068,0.21566554640687682,inf,0.31731050786291415,0.42915942251191075
k__Bacteria|p__Proteobacteria|c__Epsilonproteobacteria|o__Campylobacterales|f__Campylobacteraceae|g__Campylobacter|s__Campylobacter_gracilis,43,0.0,43,0.006260000000000001,0.21566554640687677,inf,0.31731050786291415,0.42915942251191075
k__Bacteria|p__Firmicutes|c__Clostridia|o__Clostridiales|f__Ruminococcaceae|g__Anaerotruncus|s__Anaerotruncus_sp_CAG_528,43,0.0,43,0.0,,inf,1.0,1.0
k__Bacteria|p__Actinobacteria|c__Actinobacteria|o__Actinomycetales|f__Actinomycetaceae|g__Actinomyces|s__Actinomyces_graevenitzii,43,0.0,43,0.0008904651162790697,0.21566554640687685,inf,0.31731050786291415,0.42915942251191075
k__Bacteria|p__Firmicutes|c__Bacilli|o__Lactobacillales|f__Enterococcaceae|g__Enterococcus|s__Enterococcus_faecium,43,0.0,43,0.0,,inf,1.0,1.0
k__Bacteria|p__Actinobacteria|c__Coriobacteriia|o__Coriobacteriales|f__Atopobiaceae|g__Olsenella|s__Olsenella_uli,43,0.0,43,0.0,,inf,1.0,1.0
k__Bacteria|p__Firmicutes|c__Bacilli|o__Lactobacillales|f__Lactobacillaceae|g__Lactobacillus|s__Lactobacillus_oris,43,0.0,43,0.0,,inf,1.0,1.0
k__Bacteria|p__Actinobacteria|c__Coriobacteriia|o__Coriobacteriales|f__Atopobiaceae|g__Atopobium|s__Atopobium_parvulum,43,0.0,43,0.0,,inf,1.0,1.0
k__Bacteria|p__Firmicutes|c__Negativicutes|o__Acidaminococcales|f__Acidaminococcaceae|g__Acidaminococcus|s__Acidaminococcus_intestini,43,1.8238813953488375,43,0.0,2.1232169200167563,0.0,4.320463057827488e-08,1.0843135555801169e-06
k__Bacteria|p__Firmicutes|c__Bacilli|o__Lactobacillales|f__Lactobacillaceae|g__Lactobacillus|s__Lactobacillus_vaginalis,43,0.0,43,0.0,,inf,1.0,1.0
k__Bacteria|p__Firmicutes|c__Bacilli|o__Lactobacillales|f__Streptococcaceae|g__Streptococcus|s__Streptococcus_sp_F0442,43,0.0,43,0.0,,inf,1.0,1.0
k__Bacteria|p__Actinobacteria|c__Actinobacteria|o__Micrococcales|f__Micrococcaceae|g__Rothia|s__Rothia_mucilaginosa,43,0.0,43,0.0008255813953488371,0.2156655464068768,inf,0.31731050786291415,0.42915942251191075
k__Bacteria|p__Bacteroidetes|c__Bacteroidia|o__Bacteroidales|f__Bacteroidaceae|g__Bacteroides|s__Bacteroides_coprocola,43,0.05344883720930233,43,0.0,2.1232169200167563,0.0,4.320463057827488e-08,1.0843135555801169e-06
k__Bacteria|p__Firmicutes|c__Negativicutes|o__Selenomonadales|f__Selenomonadaceae|g__Megamonas|s__Megamonas_funiformis_CAG_377,43,0.035483720930232554,43,0.0,2.123216920016755,0.0,4.320463057827488e-08,1.0843135555801169e-06
k__Bacteria|p__Firmicutes|c__Clostridia|o__Clostridiales|f__Lachnospiraceae|g__Lachnoclostridium|s__Clostridium_asparagiforme,43,0.0008651162790697674,43,0.0,2.1232169200167554,0.0,4.320463057827488e-08,1.0843135555801169e-06
k__Bacteria|p__Firmicutes|c__Bacilli|o__Lactobacillales|f__Streptococcaceae|g__Streptococcus|s__Streptococcus_agalactiae,43,0.0,43,0.005763255813953489,0.21566554640687682,inf,0.31731050786291415,0.42915942251191075
k__Bacteria|p__Firmicutes|c__Bacilli|o__Bacillales|f__Bacillales_unclassified|g__Gemella|s__Gemella_haemolysans,43,0.0,43,0.0007876744186046511,0.21566554640687688,inf,0.31731050786291415,0.42915942251191075
k__Bacteria|p__Bacteroidetes|c__Bacteroidia|o__Bacteroidales|f__Prevotellaceae|g__Prevotella|s__Prevotella_timonensis,43,0.0,43,0.000687906976744186,0.21566554640687682,inf,0.31731050786291415,0.42915942251191075
k__Bacteria|p__Bacteroidetes|c__Bacteroidia|o__Bacteroidales|f__Tannerellaceae|g__Parabacteroides|s__Parabacteroides_johnsonii,43,0.0,43,0.00034139534883720926,0.24787284672465185,inf,0.17971249487899976,0.3236658708790149
k__Bacteria|p__Bacteroidetes|c__Bacteroidia|o__Bacteroidales|f__Porphyromonadaceae|g__Porphyromonas|s__Porphyromonas_uenonis,43,0.0,43,6.953488372093023e-05,0.2156655464068768,inf,0.31731050786291415,0.42915942251191075
k__Eukaryota|p__Eukaryota_unclassified|c__Eukaryota_unclassified|o__Eukaryota_unclassified|f__Eukaryota_unclassified|g__Blastocystis|s__Blastocystis_sp_subtype_1,43,0.0,43,0.0002925581395348837,0.21566554640687682,inf,0.31731050786291415,0.42915942251191075
k__Bacteria|p__Proteobacteria|c__Deltaproteobacteria|o__Desulfovibrionales|f__Desulfovibrionaceae|g__Desulfovibrio|s__Desulfovibrio_fairfieldensis,43,0.0,43,0.0,,inf,1.0,1.0
k__Bacteria|p__Firmicutes|c__Clostridia|o__Clostridiales|f__Lachnospiraceae|g__Lachnoclostridium|s__Lachnoclostridium_sp_An131,43,0.0,43,0.0,,inf,1.0,1.0
k__Bacteria|p__Bacteroidetes|c__Bacteroidia|o__Bacteroidales|f__Prevotellaceae|g__Prevotella|s__Prevotella_sp_CAG_1185,43,0.0,43,0.0,,inf,1.0,1.0
k__Bacteria|p__Bacteroidetes|c__Bacteroidia|o__Bacteroidales|f__Bacteroidaceae|g__Bacteroides|s__Bacteroides_sp_CAG_443,43,0.0,43,0.0,,inf,1.0,1.0
k__Bacteria|p__Firmicutes|c__Clostridia|o__Clostridiales|f__Lachnospiraceae|g__Anaerotignum|s__Anaerotignum_lactatifermentans,43,0.0,43,0.0,,inf,1.0,1.0
