feature	metadata	value	coef	stderr	pval	name	qval	N	N.not.zero
k__Bacteria.p__Actinobacteria.c__Actinobacteria.o__Bifidobacteriales.f__Bifidobacteriaceae.g__Bifidobacterium.s__Bifidobacterium_adolescentis	study_condition	control	26.952375581395355	1.6063860786619935	3.140886819624434e-20	study_conditioncontrol	9.108571776910858e-18	86	53
k__Bacteria.p__Firmicutes.c__Clostridia.o__Clostridiales.f__Ruminococcaceae.g__Ruminococcus.s__Ruminococcus_bromii	study_condition	control	19.735624186046525	1.3715607275825037	7.800775907601933e-18	study_conditioncontrol	1.1311125066022803e-15	86	45
k__Bacteria.p__Firmicutes.c__Clostridia.o__Clostridiales.f__Ruminococcaceae.g__Ruminococcaceae_unclassified.s__Clostridium_leptum	study_condition	control	0.035106279069767474	0.0035829159062995756	1.4737043083807244e-15	study_conditioncontrol	1.0684356235760252e-13	86	45
k__Bacteria.p__Proteobacteria.c__Deltaproteobacteria.o__Desulfovibrionales.f__Desulfovibrionaceae.g__Bilophila.s__Bilophila_wadsworthia	study_condition	control	0.028624418604651168	0.002918299298396987	1.4049044116794782e-15	study_conditioncontrol	1.0684356235760252e-13	86	31
k__Bacteria.p__Actinobacteria.c__Coriobacteriia.o__Eggerthellales.f__Eggerthellaceae.g__Slackia.s__Slackia_isoflavoniconvertens	study_condition	control	0.1544990697674418	0.01406724724517357	5.762561784275764e-15	study_conditioncontrol	3.342285834879943e-13	86	34
k__Bacteria.p__Firmicutes.c__Negativicutes.o__Selenomonadales.f__Selenomonadaceae.g__Megamonas.s__Megamonas_funiformis	study_condition	control	0.06496930232558136	0.006075391123304071	1.4150353529719652e-14	study_conditioncontrol	6.839337539364499e-13	86	32
k__Bacteria.p__Firmicutes.c__Clostridia.o__Clostridiales.f__Lachnospiraceae.g__Roseburia.s__Roseburia_faecis	study_condition	control	1.0978174418604643	0.09852350450172909	4.026439367423832e-14	study_conditioncontrol	1.459584270691139e-12	86	46
k__Bacteria.p__Proteobacteria.c__Proteobacteria_unclassified.o__Proteobacteria_unclassified.f__Proteobacteria_unclassified.g__Proteobacteria_unclassified.s__Proteobacteria_bacterium_CAG_139	study_condition	control	0.020565813953488384	0.0019768021830401635	3.8782874444524243e-14	study_conditioncontrol	1.459584270691139e-12	86	31
k__Bacteria.p__Bacteroidetes.c__Bacteroidia.o__Bacteroidales.f__Rikenellaceae.g__Alistipes.s__Alistipes_putredinis	study_condition	control	0.3505365116279072	0.03972709277907621	1.344118601015252e-13	study_conditioncontrol	4.33104882549359e-12	86	43
k__Bacteria.p__Firmicutes.c__Clostridia.o__Clostridiales.f__Lachnospiraceae.g__Lachnoclostridium.s__Clostridium_saccharolyticum	study_condition	control	0.0055255813953488395	0.0005612520636357718	2.471699227067971e-13	study_conditioncontrol	5.226123410598269e-12	86	30
k__Bacteria.p__Firmicutes.c__Negativicutes.o__Acidaminococcales.f__Acidaminococcaceae.g__Acidaminococcus.s__Acidaminococcus_intestini	study_condition	control	1.8238813953488375	0.1852578260494462	2.443868457783607e-13	study_conditioncontrol	5.226123410598269e-12	86	30
k__Bacteria.p__Bacteroidetes.c__Bacteroidia.o__Bacteroidales.f__Bacteroidaceae.g__Bacteroides.s__Bacteroides_coprocola	study_condition	control	0.05344883720930235	0.005428979873178875	2.5229561292543366e-13	study_conditioncontrol	5.226123410598269e-12	86	30
k__Bacteria.p__Firmicutes.c__Negativicutes.o__Selenomonadales.f__Selenomonadaceae.g__Megamonas.s__Megamonas_funiformis_CAG_377	study_condition	control	0.03548372093023253	0.00360420201467897	2.462165269821043e-13	study_conditioncontrol	5.226123410598269e-12	86	30
k__Bacteria.p__Firmicutes.c__Clostridia.o__Clostridiales.f__Lachnospiraceae.g__Lachnoclostridium.s__Clostridium_asparagiforme	study_condition	control	0.0008651162790697677	8.787279784081539e-05	2.522919033456188e-13	study_conditioncontrol	5.226123410598269e-12	86	30
k__Bacteria.p__Firmicutes.c__Clostridia.o__Clostridiales.f__Clostridiales_unclassified.g__Monoglobus.s__Monoglobus_pectinilyticus	study_condition	control	0.6903846511627905	0.06988718949301537	1.6138619904135245e-12	study_conditioncontrol	3.120133181466147e-11	86	34
k__Bacteria.p__Firmicutes.c__Clostridia.o__Clostridiales.f__Ruminococcaceae.g__Ruminococcus.s__Ruminococcus_callidus	study_condition	control	0.12878488372093025	0.013190330366230778	2.280736076009599e-12	study_conditioncontrol	4.1338341377673983e-11	86	31
k__Bacteria.p__Bacteroidetes.c__Bacteroidia.o__Bacteroidales.f__Tannerellaceae.g__Parabacteroides.s__Parabacteroides_merdae	study_condition	control	0.371362558139535	0.03848057859809776	3.2086253770843105e-12	study_conditioncontrol	5.4735374079673534e-11	86	36
k__Bacteria.p__Firmicutes.c__Clostridia.o__Clostridiales.f__Ruminococcaceae.g__Gemmiger.s__Gemmiger_formicilis	study_condition	control	0.21820604651162795	0.025703870088861436	1.1741789277196477e-10	study_conditioncontrol	1.8917327168816546e-09	86	55
k__Bacteria.p__Actinobacteria.c__Coriobacteriia.o__Eggerthellales.f__Eggerthellaceae.g__Adlercreutzia.s__Adlercreutzia_equolifaciens	study_condition	control	0.17985767441860465	0.023653489979241316	2.014602918556224e-09	study_conditioncontrol	3.074920244112131e-08	86	60
k__Bacteria.p__Firmicutes.c__Clostridia.o__Clostridiales.f__Ruminococcaceae.g__Ruminococcus.s__Ruminococcus_bicirculans	study_condition	control	1.0452504651162795	0.1468174396501529	9.815679685594913e-09	study_conditioncontrol	1.4232735544112625e-07	86	43
k__Bacteria.p__Firmicutes.c__Clostridia.o__Clostridiales.f__Lachnospiraceae.g__Coprococcus.s__Coprococcus_comes	study_condition	control	1.3780037209302316	0.1941906196341021	1.0594862022812674e-08	study_conditioncontrol	1.4630999936265121e-07	86	53
k__Bacteria.p__Actinobacteria.c__Actinobacteria.o__Bifidobacteriales.f__Bifidobacteriaceae.g__Bifidobacterium.s__Bifidobacterium_longum	study_condition	control	4.681607209302325	0.6815370927064395	2.236679225502457e-08	study_conditioncontrol	2.9483498881623297e-07	86	72
k__Bacteria.p__Firmicutes.c__Clostridia.o__Clostridiales.f__Lachnospiraceae.g__Coprococcus.s__Coprococcus_eutactus	study_condition	control	0.8449623255813953	0.13270835126865835	5.71247847712208e-08	study_conditioncontrol	7.202690253762622e-07	86	41
k__Bacteria.p__Bacteroidetes.c__Bacteroidia.o__Bacteroidales.f__Barnesiellaceae.g__Barnesiella.s__Barnesiella_intestinihominis	study_condition	control	0.42808837209302325	0.0730736124515608	6.349695642973921e-07	study_conditioncontrol	7.672548901926821e-06	86	41
k__Bacteria.p__Actinobacteria.c__Coriobacteriia.o__Eggerthellales.f__Eggerthellaceae.g__Asaccharobacter.s__Asaccharobacter_celatus	study_condition	control	0.5968506976744191	0.10813966745087013	1.9457207757263963e-06	study_conditioncontrol	2.2570360998426196e-05	86	61
k__Bacteria.p__Firmicutes.c__Clostridia.o__Clostridiales.f__Ruminococcaceae.g__Agathobaculum.s__Agathobaculum_butyriciproducens	study_condition	control	0.40937348837209314	0.08506510596814924	6.498295280298363e-06	study_conditioncontrol	7.248098581871251e-05	86	63
k__Bacteria.p__Firmicutes.c__Clostridia.o__Clostridiales.f__Lachnospiraceae.g__Lachnospiraceae_unclassified.s__Eubacterium_rectale	study_condition	control	3.0159769767441866	0.7064092368412377	5.127134966216464e-05	study_conditioncontrol	0.0005506922741491757	86	55
k__Bacteria.p__Firmicutes.c__Clostridia.o__Clostridiales.f__Lachnospiraceae.g__Blautia.s__Blautia_wexlerae	study_condition	control	-4.802190465116278	1.1707825838637935	0.00018415872817677666	study_conditioncontrol	0.0019073582561166154	86	79
k__Bacteria.p__Bacteroidetes.c__Bacteroidia.o__Bacteroidales.f__Bacteroidaceae.g__Bacteroides.s__Bacteroides_caccae	study_condition	control	0.3828969767441858	0.09561889865995211	0.000248206802116318	study_conditioncontrol	0.0024820680211631798	86	41
k__Bacteria.p__Firmicutes.c__Clostridia.o__Clostridiales.f__Lachnospiraceae.g__Blautia.s__Ruminococcus_gnavus	study_condition	control	-9.270202790697667	2.3458195314632264	0.0002917780016899555	study_conditioncontrol	0.002820520683002903	86	76
k__Bacteria.p__Firmicutes.c__Erysipelotrichia.o__Erysipelotrichales.f__Erysipelotrichaceae.g__Erysipelatoclostridium.s__Clostridium_innocuum	study_condition	control	-0.9281258139534886	0.25956295635256327	0.0008956770160174835	study_conditioncontrol	0.008378914020808717	86	35
k__Bacteria.p__Firmicutes.c__Clostridia.o__Clostridiales.f__Lachnospiraceae.g__Eisenbergiella.s__Eisenbergiella_tayi	study_condition	control	-0.2885588372093023	0.08461932688702264	0.0012849603755548992	study_conditioncontrol	0.011644953403466274	86	27
k__Bacteria.p__Firmicutes.c__Clostridia.o__Clostridiales.f__Ruminococcaceae.g__Faecalibacterium.s__Faecalibacterium_prausnitzii	study_condition	control	1.4045413953488382	0.4299557076979012	0.0015765135436681909	study_conditioncontrol	0.013465461837937828	86	69
k__Bacteria.p__Bacteroidetes.c__Bacteroidia.o__Bacteroidales.f__Rikenellaceae.g__Alistipes.s__Alistipes_finegoldii	study_condition	control	0.11314837209302342	0.03348251791291325	0.0015787093189306419	study_conditioncontrol	0.013465461837937828	86	43
k__Bacteria.p__Firmicutes.c__Clostridia.o__Clostridiales.f__Eubacteriaceae.g__Eubacterium.s__Eubacterium_ventriosum	study_condition	control	0.11740209302325583	0.03677342877934404	0.002016182080967236	study_conditioncontrol	0.016705508670871387	86	13
k__Bacteria.p__Actinobacteria.c__Actinobacteria.o__Bifidobacteriales.f__Bifidobacteriaceae.g__Bifidobacterium.s__Bifidobacterium_bifidum	study_condition	control	-5.71430883720931	1.838464804790656	0.0025690047575906336	study_conditioncontrol	0.02069476054725788	86	54
k__Bacteria.p__Firmicutes.c__Clostridia.o__Clostridiales.f__Lachnospiraceae.g__Dorea.s__Dorea_longicatena	study_condition	control	-2.5355458139534903	0.7999797288826388	0.0028479154540783716	study_conditioncontrol	0.02232149950493859	86	34
k__Bacteria.p__Firmicutes.c__Erysipelotrichia.o__Erysipelotrichales.f__Erysipelotrichaceae.g__Erysipelatoclostridium.s__Erysipelatoclostridium_ramosum	study_condition	control	-1.3489941860465118	0.4402259237960914	0.0029325349971666363	study_conditioncontrol	0.022379872346798012	86	27
k__Bacteria.p__Firmicutes.c__Clostridia.o__Clostridiales.f__Lachnospiraceae.g__Lachnospira.s__Lachnospira_pectinoschiza	study_condition	control	0.020918604651162798	0.007374037815675468	0.006984761245183321	study_conditioncontrol	0.051937968233414435	86	33
k__Bacteria.p__Firmicutes.c__Clostridia.o__Clostridiales.f__Lachnospiraceae.g__Eisenbergiella.s__Eisenbergiella_massiliensis	study_condition	control	-0.3909351162790698	0.15078412652788262	0.011230690453122989	study_conditioncontrol	0.08142250578514167	86	12
k__Bacteria.p__Proteobacteria.c__Gammaproteobacteria.o__Enterobacterales.f__Enterobacteriaceae.g__Escherichia.s__Escherichia_coli	study_condition	control	-0.616946046511628	0.24592801093586938	0.01404161063074571	study_conditioncontrol	0.09931870933942089	86	24
k__Bacteria.p__Firmicutes.c__Clostridia.o__Clostridiales.f__Lachnospiraceae.g__Sellimonas.s__Sellimonas_intestinalis	study_condition	control	-0.9666134883720929	0.3890383787568087	0.014953868152084781	study_conditioncontrol	0.10085166893266481	86	27
k__Bacteria.p__Firmicutes.c__Clostridia.o__Clostridiales.f__Ruminococcaceae.g__Ruthenibacterium.s__Ruthenibacterium_lactatiformans	study_condition	control	-0.6123965116279074	0.24128864854312804	0.014945700118699468	study_conditioncontrol	0.10085166893266481	86	75
k__Bacteria.p__Actinobacteria.c__Coriobacteriia.o__Eggerthellales.f__Eggerthellaceae.g__Eggerthella.s__Eggerthella_lenta	study_condition	control	-3.054556511627907	1.2508129809008974	0.016701579551030646	study_conditioncontrol	0.11007859249542926	86	79
k__Bacteria.p__Firmicutes.c__Clostridia.o__Clostridiales.f__Lachnospiraceae.g__Blautia.s__Blautia_coccoides	study_condition	control	-0.34764906976744187	0.14319832390574483	0.017328963047873444	study_conditioncontrol	0.11167553964185109	86	15
k__Bacteria.p__Firmicutes.c__Clostridia.o__Clostridiales.f__Lachnospiraceae.g__Blautia.s__Ruminococcus_torques	study_condition	control	-2.9367748837209295	1.222684729988879	0.020810824206100358	study_conditioncontrol	0.13004606881959546	86	61
k__Bacteria.p__Firmicutes.c__Clostridia.o__Clostridiales.f__Clostridiaceae.g__Clostridium.s__Clostridium_sp_CAG_242	study_condition	control	0.011782558139534887	0.005012123138606697	0.021076431843175817	study_conditioncontrol	0.13004606881959546	86	5
k__Bacteria.p__Firmicutes.c__Clostridia.o__Clostridiales.f__Eubacteriaceae.g__Eubacterium.s__Eubacterium_hallii	study_condition	control	1.1695813953488365	0.4911937134310207	0.021871374398825548	study_conditioncontrol	0.13213955365957103	86	66
k__Bacteria.p__Firmicutes.c__Clostridia.o__Clostridiales.f__Lachnospiraceae.g__Lachnoclostridium.s__Clostridium_scindens	study_condition	control	-0.5754813953488372	0.2481687075332736	0.022828970916586564	study_conditioncontrol	0.1351102360369409	86	20
k__Bacteria.p__Firmicutes.c__Clostridia.o__Clostridiales.f__Clostridiaceae.g__Clostridium.s__Clostridium_sp_CAG_58	study_condition	control	-0.15545465116279067	0.06739333195462881	0.026074847754569242	study_conditioncontrol	0.1512341169765016	86	41
k__Bacteria.p__Firmicutes.c__Clostridia.o__Clostridiales.f__Lachnospiraceae.g__Blautia.s__Blautia_sp_CAG_257	study_condition	control	-5.74457325581395	2.564375458213749	0.027721858983810185	study_conditioncontrol	0.1576341001040187	86	46
k__Bacteria.p__Firmicutes.c__Erysipelotrichia.o__Erysipelotrichales.f__Erysipelotrichaceae.g__Turicibacter.s__Turicibacter_sanguinis	study_condition	control	0.042782790697674426	0.019530488564655342	0.03125409356064922	study_conditioncontrol	0.16736219247141654	86	18
k__Bacteria.p__Firmicutes.c__Firmicutes_unclassified.o__Firmicutes_unclassified.f__Firmicutes_unclassified.g__Firmicutes_unclassified.s__Firmicutes_bacterium_CAG_145	study_condition	control	-0.2862532558139535	0.12975138366747438	0.03289532748576118	study_conditioncontrol	0.16736219247141654	86	15
k__Bacteria.p__Actinobacteria.c__Actinobacteria.o__Actinomycetales.f__Actinomycetaceae.g__Actinomyces.s__Actinomyces_turicensis	study_condition	control	-0.01697046511627907	0.007702296654180627	0.030311188155242506	study_conditioncontrol	0.16736219247141654	86	9
k__Bacteria.p__Firmicutes.c__Erysipelotrichia.o__Erysipelotrichales.f__Erysipelotrichaceae.g__Holdemania.s__Holdemania_filiformis	study_condition	control	-0.00875139534883721	0.004025827354645567	0.03253331712087755	study_conditioncontrol	0.16736219247141654	86	8
k__Bacteria.p__Firmicutes.c__Clostridia.o__Clostridiales.f__Clostridiaceae.g__Lactonifactor.s__Lactonifactor_longoviformis	study_condition	control	-0.002734651162790698	0.0012249581710253577	0.030974084088404085	study_conditioncontrol	0.16736219247141654	86	11
k__Bacteria.p__Actinobacteria.c__Actinobacteria.o__Actinomycetales.f__Actinomycetaceae.g__Actinomyces.s__Actinomyces_sp_S6_Spd3	study_condition	control	-0.001176046511627907	0.0005404743558163649	0.032367423416288704	study_conditioncontrol	0.16736219247141654	86	7
k__Bacteria.p__Firmicutes.c__Bacilli.o__Lactobacillales.f__Enterococcaceae.g__Enterococcus.s__Enterococcus_faecalis	study_condition	control	-6.999894418604648	3.2809127649481717	0.03579870126538998	study_conditioncontrol	0.1789935063269499	86	10
k__Bacteria.p__Firmicutes.c__Clostridia.o__Clostridiales.f__Lachnospiraceae.g__Lachnoclostridium.s__Clostridium_clostridioforme	study_condition	control	-0.12691511627906968	0.059956476003472994	0.037236494310163466	study_conditioncontrol	0.18302683643978654	86	8
k__Bacteria.p__Proteobacteria.c__Gammaproteobacteria.o__Enterobacterales.f__Enterobacteriaceae.g__Klebsiella.s__Klebsiella_variicola	study_condition	control	-0.13626139534883722	0.06492262461915568	0.03883460958786913	study_conditioncontrol	0.18770061300803412	86	7
k__Bacteria.p__Firmicutes.c__Clostridia.o__Clostridiales.f__Peptostreptococcaceae.g__Clostridioides.s__Clostridioides_difficile	study_condition	control	-0.006642558139534883	0.0031814886103431884	0.03983797074248786	study_conditioncontrol	0.18939363139871282	86	5
k__Bacteria.p__Firmicutes.c__Clostridia.o__Clostridiales.f__Catabacteriaceae.g__Catabacter.s__Catabacter_hongkongensis	study_condition	control	-0.01695186046511628	0.008184430924147312	0.041405983268843344	study_conditioncontrol	0.19075160136938993	86	7
k__Bacteria.p__Firmicutes.c__Clostridia.o__Clostridiales.f__Eubacteriaceae.g__Eubacterium.s__Eubacterium_sp_CAG_274	study_condition	control	0.06511883720930232	0.03154466123106488	0.0420709279830855	study_conditioncontrol	0.19075160136938993	86	4
k__Bacteria.p__Actinobacteria.c__Actinobacteria.o__Corynebacteriales.f__Corynebacteriaceae.g__Corynebacterium.s__Corynebacterium_argentoratense	study_condition	control	-0.007031627906976743	0.0034066803132071872	0.0420969051297964	study_conditioncontrol	0.19075160136938993	86	6
k__Bacteria.p__Firmicutes.c__Bacilli.o__Lactobacillales.f__Streptococcaceae.g__Streptococcus.s__Streptococcus_oralis	study_condition	control	-0.010320232558139537	0.005044718243890442	0.04390955369330681	study_conditioncontrol	0.19590416263167654	86	13
k__Bacteria.p__Proteobacteria.c__Gammaproteobacteria.o__Enterobacterales.f__Enterobacteriaceae.g__Klebsiella.s__Klebsiella_quasipneumoniae	study_condition	control	-0.03882953488372093	0.019171834744580816	0.046007431478317026	study_conditioncontrol	0.2021538655865445	86	7
k__Bacteria.p__Actinobacteria.c__Coriobacteriia.o__Coriobacteriales.f__Coriobacteriaceae.g__Collinsella.s__Collinsella_intestinalis	study_condition	control	-3.108556046511627	1.5632719081657975	0.05001308043843803	study_conditioncontrol	0.2123868241365582	86	49
k__Bacteria.p__Firmicutes.c__Clostridia.o__Clostridiales.f__Eubacteriaceae.g__Eubacterium.s__Eubacterium_sp_CAG_180	study_condition	control	-1.7790265116279071	0.8967347598480891	0.05053341677731902	study_conditioncontrol	0.2123868241365582	86	4
k__Bacteria.p__Bacteroidetes.c__Bacteroidia.o__Bacteroidales.f__Bacteroidaceae.g__Bacteroides.s__Bacteroides_thetaiotaomicron	study_condition	control	-0.6474811627906977	0.3245151766172034	0.04925971151891508	study_conditioncontrol	0.2123868241365582	86	8
k__Bacteria.p__Actinobacteria.c__Actinobacteria.o__Bifidobacteriales.f__Bifidobacteriaceae.g__Bifidobacterium.s__Bifidobacterium_pseudocatenulatum	study_condition	control	-0.7956760465116288	0.4055203526008589	0.05306065830071003	study_conditioncontrol	0.21672663249585786	86	46
k__Bacteria.p__Firmicutes.c__Negativicutes.o__Veillonellales.f__Veillonellaceae.g__Dialister.s__Dialister_invisus	study_condition	control	0.21651255813953463	0.10846711504332834	0.05243215010060691	study_conditioncontrol	0.21672663249585786	86	46
k__Bacteria.p__Firmicutes.c__Clostridia.o__Clostridiales.f__Eubacteriaceae.g__Eubacterium.s__Eubacterium_dolichum_CAG_375	study_condition	control	-0.11869348837209308	0.06094556515826066	0.05481173725586734	study_conditioncontrol	0.2207694972805768	86	6
k__Bacteria.p__Firmicutes.c__Bacilli.o__Lactobacillales.f__Streptococcaceae.g__Streptococcus.s__Streptococcus_gordonii	study_condition	control	-0.025787209302325583	0.013457147260192169	0.05873486246365185	study_conditioncontrol	0.23333027554053476	86	15
k__Bacteria.p__Firmicutes.c__Clostridia.o__Clostridiales.f__Lachnospiraceae.g__Tyzzerella.s__Tyzzerella_nexilis	study_condition	control	-0.02326976744186046	0.012244336184675896	0.060804119480186054	study_conditioncontrol	0.2382864141791075	86	9
k__Bacteria.p__Firmicutes.c__Erysipelotrichia.o__Erysipelotrichales.f__Erysipelotrichaceae.g__Absiella.s__Absiella_dolichum	study_condition	control	-0.12994348837209302	0.06904593818649699	0.06330088776518145	study_conditioncontrol	0.24476343269203493	86	6
k__Bacteria.p__Firmicutes.c__Clostridia.o__Clostridiales.f__Ruminococcaceae.g__Anaerotruncus.s__Anaerotruncus_colihominis	study_condition	control	-0.007112790697674418	0.003836788052651914	0.06727213977402036	study_conditioncontrol	0.2566963228219198	86	7
k__Bacteria.p__Firmicutes.c__Clostridia.o__Clostridiales.f__Ruminococcaceae.g__Flavonifractor.s__Flavonifractor_plautii	study_condition	control	-0.33757534883720897	0.18338291085441186	0.06917826607133225	study_conditioncontrol	0.2605415215673552	86	23
k__Bacteria.p__Firmicutes.c__Bacilli.o__Bacillales.f__Bacillales_unclassified.g__Gemella.s__Gemella_sanguinis	study_condition	control	-0.0020239534883720925	0.0011238955516406583	0.07891190495314854	study_conditioncontrol	0.2615867766580817	86	8
k__Bacteria.p__Bacteroidetes.c__Bacteroidia.o__Bacteroidales.f__Bacteroidaceae.g__Bacteroides.s__Bacteroides_fragilis	study_condition	control	-1.6853413953488363	0.9264258605902816	0.07244652220054033	study_conditioncontrol	0.2615867766580817	86	18
k__Bacteria.p__Firmicutes.c__Bacilli.o__Lactobacillales.f__Streptococcaceae.g__Streptococcus.s__Streptococcus_sp_A12	study_condition	control	-0.0022206976744186045	0.0012238417881191607	0.0731660201100949	study_conditioncontrol	0.2615867766580817	86	6
k__Bacteria.p__Firmicutes.c__Tissierellia.o__Tissierellales.f__Peptoniphilaceae.g__Parvimonas.s__Parvimonas_micra	study_condition	control	-0.00843837209302326	0.004759637946661836	0.07987084862648926	study_conditioncontrol	0.2615867766580817	86	4
k__Bacteria.p__Firmicutes.c__Clostridia.o__Clostridiales.f__Peptostreptococcaceae.g__Peptostreptococcus.s__Peptostreptococcus_anaerobius	study_condition	control	-0.08995465116279062	0.05072736797389122	0.0798095630222523	study_conditioncontrol	0.2615867766580817	86	9
k__Bacteria.p__Actinobacteria.c__Coriobacteriia.o__Coriobacteriales.f__Coriobacteriaceae.g__Enorma.s__Enorma_massiliensis	study_condition	control	-0.00032860465116279065	0.00018560504793804214	0.08028007973299749	study_conditioncontrol	0.2615867766580817	86	3
k__Bacteria.p__Firmicutes.c__Clostridia.o__Clostridiales.f__Clostridiaceae.g__Clostridium.s__Clostridium_sp_CAG_167	study_condition	control	0.0028211627906976748	0.0015898536330975774	0.07960699190299486	study_conditioncontrol	0.2615867766580817	86	3
k__Bacteria.p__Firmicutes.c__Erysipelotrichia.o__Erysipelotrichales.f__Erysipelotrichaceae.g__Catenibacterium.s__Catenibacterium_mitsuokai	study_condition	control	0.03507837209302325	0.019764423496037038	0.07954993133756334	study_conditioncontrol	0.2615867766580817	86	3
k__Bacteria.p__Actinobacteria.c__Actinobacteria.o__Actinomycetales.f__Actinomycetaceae.g__Actinomyces.s__Actinomyces_odontolyticus	study_condition	control	-0.005126511627906976	0.002877728001862384	0.07845436953696214	study_conditioncontrol	0.2615867766580817	86	12
k__Bacteria.p__Firmicutes.c__Negativicutes.o__Veillonellales.f__Veillonellaceae.g__Dialister.s__Dialister_sp_CAG_357	study_condition	control	0.000613953488372093	0.0003459236019353927	0.07954967247535667	study_conditioncontrol	0.2615867766580817	86	3
k__Bacteria.p__Firmicutes.c__Clostridia.o__Clostridiales.f__Eubacteriaceae.g__Eubacterium.s__Eubacterium_limosum	study_condition	control	-0.0017569767441860465	0.0009900298403102458	0.07957520869001605	study_conditioncontrol	0.2615867766580817	86	3
k__Bacteria.p__Actinobacteria.c__Actinobacteria.o__Bifidobacteriales.f__Bifidobacteriaceae.g__Aeriscardovia.s__Aeriscardovia_aeriphila	study_condition	control	0.0002372093023255814	0.0001336522996562093	0.07954967006340127	study_conditioncontrol	0.2615867766580817	86	3
k__Bacteria.p__Actinobacteria.c__Actinobacteria.o__Actinomycetales.f__Actinomycetaceae.g__Actinomyces.s__Actinomyces_sp_HPA0247	study_condition	control	-0.0013693023255813954	0.0007858782952496528	0.08510109434861021	study_conditioncontrol	0.26254592937337196	86	4
k__Bacteria.p__Bacteroidetes.c__Bacteroidia.o__Bacteroidales.f__Bacteroidaceae.g__Bacteroides.s__Bacteroides_xylanisolvens	study_condition	control	0.14756860465116278	0.0844313677870745	0.08415389204946543	study_conditioncontrol	0.26254592937337196	86	37
k__Bacteria.p__Proteobacteria.c__Deltaproteobacteria.o__Desulfovibrionales.f__Desulfovibrionaceae.g__Desulfovibrio.s__Desulfovibrio_piger	study_condition	control	-0.01345046511627907	0.007702585440971709	0.08442728157238923	study_conditioncontrol	0.26254592937337196	86	4
k__Bacteria.p__Firmicutes.c__Bacilli.o__Bacillales.f__Bacillales_unclassified.g__Gemella.s__Gemella_morbillorum	study_condition	control	-0.0013518604651162791	0.0007691984477546235	0.08247719345873178	study_conditioncontrol	0.26254592937337196	86	5
k__Bacteria.p__Firmicutes.c__Clostridia.o__Clostridiales.f__Lachnospiraceae.g__Faecalicatena.s__Faecalicatena_orotica	study_condition	control	-0.20811302325581402	0.11906324752359945	0.08413187427573102	study_conditioncontrol	0.26254592937337196	86	3
k__Bacteria.p__Firmicutes.c__Negativicutes.o__Veillonellales.f__Veillonellaceae.g__Veillonella.s__Veillonella_atypica	study_condition	control	-0.009557906976744185	0.005522486094527157	0.0871727244429321	study_conditioncontrol	0.2661062114573717	86	3
k__Bacteria.p__Firmicutes.c__Clostridia.o__Clostridiales.f__Clostridiaceae.g__Hungatella.s__Hungatella_hathewayi	study_condition	control	-0.07733604651162794	0.045095914626144096	0.09004654604746397	study_conditioncontrol	0.2720156078517141	86	8
k__Bacteria.p__Firmicutes.c__Bacilli.o__Lactobacillales.f__Lactobacillaceae.g__Lactobacillus.s__Lactobacillus_rhamnosus	study_condition	control	-0.004928837209302326	0.002890558315697062	0.09186211741984189	study_conditioncontrol	0.2746393201211768	86	3
k__Bacteria.p__Firmicutes.c__Firmicutes_unclassified.o__Firmicutes_unclassified.f__Firmicutes_unclassified.g__Firmicutes_unclassified.s__Firmicutes_bacterium_CAG_83	study_condition	control	-0.10588744186046511	0.06349226008430223	0.09909496578243103	study_conditioncontrol	0.29324020486637753	86	41
k__Bacteria.p__Actinobacteria.c__Actinobacteria.o__Bifidobacteriales.f__Bifidobacteriaceae.g__Bifidobacterium.s__Bifidobacterium_catenulatum	study_condition	control	0.33839186046511605	0.2038264397053649	0.10060378055607654	study_conditioncontrol	0.2946979430430525	86	35
k__Bacteria.p__Firmicutes.c__Clostridia.o__Clostridiales.f__Lachnospiraceae.g__Fusicatenibacter.s__Fusicatenibacter_saccharivorans	study_condition	control	-0.9801188372093045	0.5942577392537327	0.10654367577945936	study_conditioncontrol	0.29623148033384245	86	71
k__Bacteria.p__Firmicutes.c__Clostridia.o__Clostridiales.f__Lachnospiraceae.g__Roseburia.s__Roseburia_sp_CAG_471	study_condition	control	-0.000717906976744186	0.0004391064902431102	0.10580661663942914	study_conditioncontrol	0.29623148033384245	86	9
k__Bacteria.p__Proteobacteria.c__Gammaproteobacteria.o__Enterobacterales.f__Enterobacteriaceae.g__Klebsiella.s__Klebsiella_pneumoniae	study_condition	control	-0.38189883720930246	0.23613479209435106	0.10956491023289487	study_conditioncontrol	0.29623148033384245	86	9
k__Bacteria.p__Verrucomicrobia.c__Verrucomicrobiae.o__Verrucomicrobiales.f__Akkermansiaceae.g__Akkermansia.s__Akkermansia_muciniphila	study_condition	control	-0.7691844186046511	0.46538792663418477	0.10583262300393273	study_conditioncontrol	0.29623148033384245	86	10
k__Bacteria.p__Firmicutes.c__Clostridia.o__Clostridiales.f__Ruminococcaceae.g__Ruminococcaceae_unclassified.s__Clostridium_methylpentosum	study_condition	control	-0.00318581395348837	0.001953493566114234	0.1066704753818682	study_conditioncontrol	0.29623148033384245	86	4
k__Bacteria.p__Firmicutes.c__Clostridia.o__Clostridiales.f__Ruminococcaceae.g__Ruminococcus.s__Ruminococcus_lactaris	study_condition	control	0.3947981395348837	0.24476636434968532	0.11050426499883195	study_conditioncontrol	0.29623148033384245	86	10
k__Bacteria.p__Firmicutes.c__Clostridia.o__Clostridiales.f__Lachnospiraceae.g__Roseburia.s__Roseburia_intestinalis	study_condition	control	0.05864953488372081	0.035282575726890295	0.10390334135586139	study_conditioncontrol	0.29623148033384245	86	42
k__Bacteria.p__Bacteroidetes.c__Bacteroidia.o__Bacteroidales.f__Tannerellaceae.g__Parabacteroides.s__Parabacteroides_distasonis	study_condition	control	0.05592255813953487	0.03425935768514462	0.11008683977460133	study_conditioncontrol	0.29623148033384245	86	42
k__Bacteria.p__Firmicutes.c__Clostridia.o__Clostridiales.f__Lachnospiraceae.g__Blautia.s__Blautia_producta	study_condition	control	-0.337389534883721	0.20960886578542567	0.11123391362742989	study_conditioncontrol	0.29623148033384245	86	15
k__Bacteria.p__Firmicutes.c__Erysipelotrichia.o__Erysipelotrichales.f__Erysipelotrichaceae.g__Solobacterium.s__Solobacterium_moorei	study_condition	control	-0.000704651162790698	0.00043791085945185215	0.11134217709099596	study_conditioncontrol	0.29623148033384245	86	3
k__Bacteria.p__Firmicutes.c__Erysipelotrichia.o__Erysipelotrichales.f__Erysipelotrichaceae.g__Holdemanella.s__Holdemanella_biformis	study_condition	control	-0.13428976744186039	0.08345787617277307	0.11509245950731463	study_conditioncontrol	0.30342557506473855	86	6
k__Bacteria.p__Firmicutes.c__Clostridia.o__Clostridiales.f__Eubacteriaceae.g__Eubacterium.s__Eubacterium_ramulus	study_condition	control	-0.44370046511627964	0.28047663724891775	0.1174187998965369	study_conditioncontrol	0.30676983756752885	86	60
k__Bacteria.p__Firmicutes.c__Clostridia.o__Clostridiales.f__Lachnospiraceae.g__Roseburia.s__Roseburia_sp_CAG_182	study_condition	control	0.042455813953488374	0.02704418156943444	0.12020539818736903	study_conditioncontrol	0.31124612030658055	86	8
k__Bacteria.p__Actinobacteria.c__Actinobacteria.o__Bifidobacteriales.f__Bifidobacteriaceae.g__Bifidobacterium.s__Bifidobacterium_animalis	study_condition	control	0.02162046511627907	0.013854387108568166	0.1223897742434373	study_conditioncontrol	0.3140976507132462	86	9
k__Bacteria.p__Firmicutes.c__Clostridia.o__Clostridiales.f__Clostridiaceae.g__Clostridium.s__Clostridium_cadaveris	study_condition	control	-0.08375116279069768	0.053825689025097476	0.12347502644340948	study_conditioncontrol	0.31410313744376095	86	8
k__Bacteria.p__Firmicutes.c__Bacilli.o__Lactobacillales.f__Streptococcaceae.g__Lactococcus.s__Lactococcus_lactis	study_condition	control	-0.8297313953488373	0.53857496561142	0.12717175897003674	study_conditioncontrol	0.3206940008809622	86	7
k__Bacteria.p__Firmicutes.c__Clostridia.o__Clostridiales.f__Lachnospiraceae.g__Lachnoclostridium.s__Clostridium_symbiosum	study_condition	control	-0.18959162790697676	0.12352229753650386	0.1285719848843493	study_conditioncontrol	0.3214299622108732	86	16
k__Bacteria.p__Firmicutes.c__Negativicutes.o__Veillonellales.f__Veillonellaceae.g__Veillonella.s__Veillonella_dispar	study_condition	control	-0.06080232558139535	0.03989045219035455	0.13120686657375416	study_conditioncontrol	0.3247705877824721	86	4
k__Bacteria.p__Firmicutes.c__Clostridia.o__Clostridiales.f__Peptostreptococcaceae.g__Peptostreptococcus.s__Peptostreptococcus_stomatis	study_condition	control	-0.010983720930232562	0.007223850193947976	0.13214803227010932	study_conditioncontrol	0.3247705877824721	86	4
k__Bacteria.p__Firmicutes.c__Erysipelotrichia.o__Erysipelotrichales.f__Erysipelotrichaceae.g__Coprobacillus.s__Coprobacillus_cateniformis	study_condition	control	-0.005230465116279069	0.0035083625291644567	0.13974495400309478	study_conditioncontrol	0.34021511998077403	86	3
k__Bacteria.p__Bacteroidetes.c__Bacteroidia.o__Bacteroidales.f__Barnesiellaceae.g__Coprobacter.s__Coprobacter_fastidiosus	study_condition	control	-0.009101162790697673	0.006120794017366007	0.14077867033687202	study_conditioncontrol	0.34021511998077403	86	3
k__Bacteria.p__Firmicutes.c__Bacilli.o__Lactobacillales.f__Streptococcaceae.g__Streptococcus.s__Streptococcus_anginosus_group	study_condition	control	-0.018876279069767445	0.013079421489472158	0.1526818597896242	study_conditioncontrol	0.3484519826813881	86	11
k__Bacteria.p__Proteobacteria.c__Gammaproteobacteria.o__Enterobacterales.f__Enterobacteriaceae.g__Enterobacter.s__Enterobacter_cloacae_complex	study_condition	control	-0.01189488372093023	0.008460077266206045	0.1634119642919613	study_conditioncontrol	0.3484519826813881	86	5
k__Bacteria.p__Firmicutes.c__Bacilli.o__Lactobacillales.f__Streptococcaceae.g__Streptococcus.s__Streptococcus_australis	study_condition	control	-0.0008867441860465116	0.0006286837592987472	0.16209128295560257	study_conditioncontrol	0.3484519826813881	86	2
k__Bacteria.p__Firmicutes.c__Bacilli.o__Lactobacillales.f__Streptococcaceae.g__Streptococcus.s__Streptococcus_infantis	study_condition	control	-0.0002727906976744186	0.00019227475656841584	0.15967037610250992	study_conditioncontrol	0.3484519826813881	86	2
k__Bacteria.p__Firmicutes.c__Clostridia.o__Clostridiales.f__Clostridiales_Family_XIII_Incertae_Sedis.g__Mogibacterium.s__Mogibacterium_diversum	study_condition	control	-0.0029560465116279066	0.002074862709345664	0.15795019056310067	study_conditioncontrol	0.3484519826813881	86	5
k__Bacteria.p__Bacteroidetes.c__Bacteroidia.o__Bacteroidales.f__Bacteroidaceae.g__Bacteroides.s__Bacteroides_dorei	study_condition	control	-0.18410139534883702	0.12661160615881834	0.14965483352730446	study_conditioncontrol	0.3484519826813881	86	37
k__Bacteria.p__Firmicutes.c__Bacilli.o__Lactobacillales.f__Lactobacillaceae.g__Lactobacillus.s__Lactobacillus_ruminis	study_condition	control	0.0008586046511627907	0.0005998539487612348	0.15603830132925178	study_conditioncontrol	0.3484519826813881	86	2
k__Bacteria.p__Firmicutes.c__Clostridia.o__Clostridiales.f__Lachnospiraceae.g__Butyrivibrio.s__Butyrivibrio_sp_CAG_318	study_condition	control	0.01453953488372093	0.010157873476856013	0.15603830132926558	study_conditioncontrol	0.3484519826813881	86	2
k__Bacteria.p__Firmicutes.c__Clostridia.o__Clostridiales.f__Lachnospiraceae.g__Roseburia.s__Roseburia_sp_CAG_309	study_condition	control	0.00453860465116279	0.003170842270862474	0.15603830132926425	study_conditioncontrol	0.3484519826813881	86	2
k__Bacteria.p__Bacteroidetes.c__Bacteroidia.o__Bacteroidales.f__Bacteroidaceae.g__Bacteroides.s__Bacteroides_intestinalis	study_condition	control	-0.13505581395348834	0.09577957963006588	0.16221144008984073	study_conditioncontrol	0.3484519826813881	86	3
k__Bacteria.p__Firmicutes.c__Bacilli.o__Lactobacillales.f__Leuconostocaceae.g__Leuconostoc.s__Leuconostoc_mesenteroides	study_condition	control	-0.0004916279069767442	0.0003453452427373891	0.15827085669479946	study_conditioncontrol	0.3484519826813881	86	2
k__Bacteria.p__Firmicutes.c__Clostridia.o__Clostridiales.f__Clostridiales_unclassified.g__Clostridiales_unclassified.s__Bacteroides_pectinophilus	study_condition	control	0.015650697674418602	0.010934174172192194	0.15603830132924715	study_conditioncontrol	0.3484519826813881	86	2
k__Bacteria.p__Firmicutes.c__Clostridia.o__Clostridiales.f__Clostridiaceae.g__Clostridium.s__Clostridium_sp_CAG_510	study_condition	control	0.0026195348837209304	0.00183010695248963	0.15603830617013514	study_conditioncontrol	0.3484519826813881	86	2
k__Bacteria.p__Proteobacteria.c__Gammaproteobacteria.o__Enterobacterales.f__Enterobacteriaceae.g__Citrobacter.s__Citrobacter_youngae	study_condition	control	-0.0022820930232558137	0.0015955008572224316	0.15633161102138943	study_conditioncontrol	0.3484519826813881	86	2
k__Bacteria.p__Firmicutes.c__Bacilli.o__Lactobacillales.f__Enterococcaceae.g__Enterococcus.s__Enterococcus_avium	study_condition	control	-0.0028481395348837206	0.0020073073664299153	0.15963228768022458	study_conditioncontrol	0.3484519826813881	86	2
k__Bacteria.p__Bacteroidetes.c__Bacteroidia.o__Bacteroidales.f__Porphyromonadaceae.g__Porphyromonas.s__Porphyromonas_asaccharolytica	study_condition	control	-0.015311395348837218	0.010848755416813544	0.16183473124968656	study_conditioncontrol	0.3484519826813881	86	2
k__Bacteria.p__Actinobacteria.c__Actinobacteria.o__Corynebacteriales.f__Corynebacteriaceae.g__Corynebacterium.s__Corynebacterium_durum	study_condition	control	-0.0004534883720930232	0.0003249497590813282	0.16652393307664398	study_conditioncontrol	0.34994159849439677	86	2
k__Bacteria.p__Firmicutes.c__Bacilli.o__Lactobacillales.f__Leuconostocaceae.g__Leuconostoc.s__Leuconostoc_garlicum	study_condition	control	-0.005448139534883721	0.003896600248236024	0.16574057935572117	study_conditioncontrol	0.34994159849439677	86	2
k__Bacteria.p__Firmicutes.c__Bacilli.o__Lactobacillales.f__Streptococcaceae.g__Streptococcus.s__Streptococcus_pyogenes	study_condition	control	-0.00297906976744186	0.0021586225616516378	0.17122440407724468	study_conditioncontrol	0.35723077109640977	86	3
k__Bacteria.p__Actinobacteria.c__Coriobacteriia.o__Eggerthellales.f__Eggerthellaceae.g__Gordonibacter.s__Gordonibacter_pamelaeae	study_condition	control	-0.17763860465116266	0.12990928324556164	0.17514618189366385	study_conditioncontrol	0.3576929066842431	86	78
k__Bacteria.p__Firmicutes.c__Clostridia.o__Clostridiales.f__Ruminococcaceae.g__Anaeromassilibacillus.s__Anaeromassilibacillus_sp_An250	study_condition	control	-0.006671627906976745	0.00486276488164517	0.17372197826402158	study_conditioncontrol	0.3576929066842431	86	10
k__Bacteria.p__Proteobacteria.c__Gammaproteobacteria.o__Pasteurellales.f__Pasteurellaceae.g__Haemophilus.s__Haemophilus_sp_HMSC71H05	study_condition	control	-0.0014681395348837207	0.001071708887588306	0.17436719547945015	study_conditioncontrol	0.3576929066842431	86	2
k__Bacteria.p__Firmicutes.c__Negativicutes.o__Veillonellales.f__Veillonellaceae.g__Veillonella.s__Veillonella_infantium	study_condition	control	-0.011472093023255806	0.008482751827389208	0.17987737414726515	study_conditioncontrol	0.3578921875068096	86	3
k__Bacteria.p__Firmicutes.c__Tissierellia.o__Tissierellales.f__Peptoniphilaceae.g__Finegoldia.s__Finegoldia_magna	study_condition	control	-0.21071046511627903	0.1554045462443423	0.17877034901619382	study_conditioncontrol	0.3578921875068096	86	4
k__Bacteria.p__Firmicutes.c__Clostridia.o__Clostridiales.f__Lachnospiraceae.g__Dorea.s__Dorea_sp_CAG_317	study_condition	control	-0.8988830232558133	0.6627946135972326	0.18229623849037307	study_conditioncontrol	0.3578921875068096	86	33
k__Bacteria.p__Actinobacteria.c__Actinobacteria.o__Actinomycetales.f__Actinomycetaceae.g__Actinomyces.s__Actinomyces_sp_oral_taxon_181	study_condition	control	-0.000751860465116279	0.0005575234210191838	0.18109926039288698	study_conditioncontrol	0.3578921875068096	86	2
k__Bacteria.p__Firmicutes.c__Erysipelotrichia.o__Erysipelotrichales.f__Erysipelotrichaceae.g__Dielma.s__Dielma_fastidiosa	study_condition	control	-0.005298372093023255	0.003942966416663235	0.1826484267276132	study_conditioncontrol	0.3578921875068096	86	2
k__Bacteria.p__Firmicutes.c__Negativicutes.o__Veillonellales.f__Veillonellaceae.g__Veillonella.s__Veillonella_sp_T11011_6	study_condition	control	-0.0027916279069767442	0.0020582112493840597	0.17862651009601369	study_conditioncontrol	0.3578921875068096	86	3
k__Bacteria.p__Firmicutes.c__Bacilli.o__Bacillales.f__Bacillales_unclassified.g__Gemella.s__Gemella_asaccharolytica	study_condition	control	-0.0015611627906976745	0.0011721920576263213	0.1865181918024076	study_conditioncontrol	0.36302198404495445	86	3
k__Bacteria.p__Bacteroidetes.c__Bacteroidia.o__Bacteroidales.f__Rikenellaceae.g__Alistipes.s__Alistipes_shahii	study_condition	control	-0.041495116279069745	0.031271397055911636	0.18812601380618965	study_conditioncontrol	0.3637102933586333	86	7
k__Bacteria.p__Firmicutes.c__Clostridia.o__Clostridiales.f__Peptostreptococcaceae.g__Intestinibacter.s__Intestinibacter_bartlettii	study_condition	control	-0.14995744186046556	0.14689264061989502	0.31316262702827513	study_conditioncontrol	0.3655657258576002	86	65
k__Bacteria.p__Firmicutes.c__Bacilli.o__Lactobacillales.f__Streptococcaceae.g__Streptococcus.s__Streptococcus_parasanguinis	study_condition	control	-0.102523488372093	0.08573695909414843	0.23514283822055423	study_conditioncontrol	0.3655657258576002	86	63
k__Bacteria.p__Firmicutes.c__Clostridia.o__Clostridiales.f__Eubacteriaceae.g__Anaerofustis.s__Anaerofustis_stercorihominis	study_condition	control	-0.022661860465116288	0.018260063079366135	0.21803799247171102	study_conditioncontrol	0.3655657258576002	86	4
k__Bacteria.p__Firmicutes.c__Clostridia.o__Clostridiales.f__Clostridiaceae.g__Clostridium.s__Clostridium_bolteae_CAG_59	study_condition	control	-0.005961162790697674	0.004977783880386346	0.23445929144780608	study_conditioncontrol	0.3655657258576002	86	3
k__Bacteria.p__Firmicutes.c__Clostridia.o__Clostridiales.f__Lachnospiraceae.g__Coprococcus.s__Coprococcus_catus	study_condition	control	0.07455627906976746	0.06680769318250701	0.27077360809511536	study_conditioncontrol	0.3655657258576002	86	51
k__Bacteria.p__Firmicutes.c__Clostridia.o__Clostridiales.f__Clostridiales_unclassified.g__Intestinimonas.s__Intestinimonas_butyriciproducens	study_condition	control	-0.0015867441860465121	0.0012337213180764288	0.201926410022024	study_conditioncontrol	0.3655657258576002	86	3
k__Bacteria.p__Firmicutes.c__Bacilli.o__Lactobacillales.f__Leuconostocaceae.g__Leuconostoc.s__Leuconostoc_citreum	study_condition	control	-0.0006946511627906977	0.0006946511627906975	0.32018252154424054	study_conditioncontrol	0.3655657258576002	86	1
k__Bacteria.p__Firmicutes.c__Clostridia.o__Clostridiales.f__Peptostreptococcaceae.g__Terrisporobacter.s__Terrisporobacter_othiniensis	study_condition	control	-0.0003346511627906977	0.0003346511627906974	0.3201825215441786	study_conditioncontrol	0.3655657258576002	86	1
k__Bacteria.p__Actinobacteria.c__Coriobacteriia.o__Coriobacteriales.f__Atopobiaceae.g__Atopobium.s__Atopobium_minutum	study_condition	control	-0.0007551162790697673	0.0005952535936584904	0.20810152683340255	study_conditioncontrol	0.3655657258576002	86	2
k__Bacteria.p__Firmicutes.c__Clostridia.o__Clostridiales.f__Lachnospiraceae.g__Roseburia.s__Roseburia_inulinivorans	study_condition	control	-0.07779325581395385	0.07207365797169564	0.2865879957726097	study_conditioncontrol	0.3655657258576002	86	40
k__Bacteria.p__Firmicutes.c__Firmicutes_unclassified.o__Firmicutes_unclassified.f__Firmicutes_unclassified.g__Firmicutes_unclassified.s__Firmicutes_bacterium_CAG_110	study_condition	control	0.0027993023255813957	0.002480750131215551	0.26235951942301694	study_conditioncontrol	0.3655657258576002	86	3
k__Bacteria.p__Firmicutes.c__Clostridia.o__Clostridiales.f__Eubacteriaceae.g__Eubacterium.s__Eubacterium_sp_OM08_24	study_condition	control	-0.004032093023255814	0.0040320930232558136	0.3201825215442555	study_conditioncontrol	0.3655657258576002	86	1
k__Bacteria.p__Firmicutes.c__Negativicutes.o__Acidaminococcales.f__Acidaminococcaceae.g__Phascolarctobacterium.s__Phascolarctobacterium_succinatutens	study_condition	control	-2.395348837209304e-05	2.3953488351002892e-05	0.32018252112061873	study_conditioncontrol	0.3655657258576002	86	1
k__Bacteria.p__Firmicutes.c__Clostridia.o__Clostridiales.f__Ruminococcaceae.g__Ruminococcus.s__Ruminococcus_sp_CAG_330	study_condition	control	0.0081	0.008095049036185398	0.3198883841068853	study_conditioncontrol	0.3655657258576002	86	6
k__Bacteria.p__Proteobacteria.c__Gammaproteobacteria.o__Pasteurellales.f__Pasteurellaceae.g__Haemophilus.s__Haemophilus_parainfluenzae	study_condition	control	-0.13077162790697675	0.1044838279877377	0.21419103837994835	study_conditioncontrol	0.3655657258576002	86	7
k__Bacteria.p__Firmicutes.c__Clostridia.o__Clostridiales.f__Clostridiales_Family_XIII_Incertae_Sedis.g__Clostridiales_Family_XIII_Incertae_Sedis_unclassified.s__Eubacterium_brachy	study_condition	control	-0.0012467441860465121	0.0012467441783553317	0.3201825328117487	study_conditioncontrol	0.3655657258576002	86	1
k__Bacteria.p__Firmicutes.c__Negativicutes.o__Veillonellales.f__Veillonellaceae.g__Veillonella.s__Veillonella_parvula	study_condition	control	-0.389654418604652	0.3602034046039392	0.2824539941876993	study_conditioncontrol	0.3655657258576002	86	39
k__Bacteria.p__Bacteroidetes.c__Bacteroidia.o__Bacteroidales.f__Rikenellaceae.g__Alistipes.s__Alistipes_inops	study_condition	control	-0.0947820930232558	0.07695209689191544	0.22149723382264758	study_conditioncontrol	0.3655657258576002	86	9
k__Bacteria.p__Bacteroidetes.c__Bacteroidia.o__Bacteroidales.f__Bacteroidaceae.g__Bacteroides.s__Bacteroides_ovatus	study_condition	control	0.03430488372093024	0.026778257446359248	0.20719686369919524	study_conditioncontrol	0.3655657258576002	86	37
k__Bacteria.p__Bacteroidetes.c__Bacteroidia.o__Bacteroidales.f__Odoribacteraceae.g__Odoribacter.s__Odoribacter_splanchnicus	study_condition	control	-0.040329534883720965	0.03559099503192698	0.263582360410871	study_conditioncontrol	0.3655657258576002	86	37
k__Bacteria.p__Bacteroidetes.c__Bacteroidia.o__Bacteroidales.f__Bacteroidaceae.g__Bacteroides.s__Bacteroides_cellulosilyticus	study_condition	control	-0.0033465116279069768	0.003146546101374556	0.2905801461537015	study_conditioncontrol	0.3655657258576002	86	2
k__Bacteria.p__Firmicutes.c__Clostridia.o__Clostridiales.f__Peptococcaceae.g__Peptococcus.s__Peptococcus_niger	study_condition	control	-0.008110232558139531	0.008110232508066422	0.32018261418760097	study_conditioncontrol	0.3655657258576002	86	1
k__Bacteria.p__Firmicutes.c__Tissierellia.o__Tissierellales.f__Peptoniphilaceae.g__Anaerococcus.s__Anaerococcus_vaginalis	study_condition	control	-0.6651125581395348	0.6390451827579181	0.30095892147281955	study_conditioncontrol	0.3655657258576002	86	6
k__Bacteria.p__Firmicutes.c__Clostridia.o__Clostridiales.f__Peptostreptococcaceae.g__Peptostreptococcus.s__Peptostreptococcus_sp_MV1	study_condition	control	-0.26250325581395345	0.26190633130427937	0.31908732744994106	study_conditioncontrol	0.3655657258576002	86	3
k__Bacteria.p__Firmicutes.c__Clostridia.o__Clostridiales.f__Clostridiales_Family_XIII_Incertae_Sedis.g__Clostridiales_Family_XIII_Incertae_Sedis_unclassified.s__Eubacterium_sulci	study_condition	control	-0.000386279069767442	0.0003178293663938963	0.22763138765567537	study_conditioncontrol	0.3655657258576002	86	2
k__Bacteria.p__Firmicutes.c__Firmicutes_unclassified.o__Firmicutes_unclassified.f__Firmicutes_unclassified.g__Firmicutes_unclassified.s__Firmicutes_bacterium_CAG_170	study_condition	control	-0.0006820930232558139	0.0006820930232558138	0.3201825215445116	study_conditioncontrol	0.3655657258576002	86	1
k__Bacteria.p__Firmicutes.c__Bacilli.o__Lactobacillales.f__Streptococcaceae.g__Streptococcus.s__Streptococcus_mitis	study_condition	control	-0.0031851162790697664	0.0025631485797834442	0.21745176452196757	study_conditioncontrol	0.3655657258576002	86	7
k__Bacteria.p__Actinobacteria.c__Actinobacteria.o__Actinomycetales.f__Actinomycetaceae.g__Actinomyces.s__Actinomyces_naeslundii	study_condition	control	-0.0030686046511627907	0.0029531094166595816	0.301735530522405	study_conditioncontrol	0.3655657258576002	86	5
k__Bacteria.p__Actinobacteria.c__Actinobacteria.o__Actinomycetales.f__Actinomycetaceae.g__Actinomyces.s__Actinomyces_oris	study_condition	control	-0.021530697674418606	0.02144354591137358	0.31823128899266656	study_conditioncontrol	0.3655657258576002	86	7
k__Bacteria.p__Actinobacteria.c__Actinobacteria.o__Actinomycetales.f__Actinomycetaceae.g__Actinomyces.s__Actinomyces_sp_HMSC035G02	study_condition	control	-0.0011560465116279073	0.0009743922875857008	0.24212135106300822	study_conditioncontrol	0.3655657258576002	86	6
k__Bacteria.p__Actinobacteria.c__Actinobacteria.o__Actinomycetales.f__Actinomycetaceae.g__Actinobaculum.s__Actinobaculum_massiliense	study_condition	control	-0.00012395348837209293	0.0001239534876061389	0.3201825431859312	study_conditioncontrol	0.3655657258576002	86	1
k__Bacteria.p__Bacteroidetes.c__Bacteroidia.o__Bacteroidales.f__Rikenellaceae.g__Alistipes.s__Alistipes_indistinctus	study_condition	control	-0.01124767441860465	0.01009965246070049	0.2685976210918359	study_conditioncontrol	0.3655657258576002	86	2
k__Bacteria.p__Bacteroidetes.c__Bacteroidia.o__Bacteroidales.f__Tannerellaceae.g__Parabacteroides.s__Parabacteroides_goldsteinii	study_condition	control	-0.02783627906976745	0.025880909625206235	0.28520699663326243	study_conditioncontrol	0.3655657258576002	86	3
k__Bacteria.p__Firmicutes.c__Clostridia.o__Clostridiales.f__Ruminococcaceae.g__Harryflintia.s__Harryflintia_acetispora	study_condition	control	-0.00014604651162790697	0.0001460465107336108	0.3201825871298275	study_conditioncontrol	0.3655657258576002	86	1
k__Bacteria.p__Firmicutes.c__Bacilli.o__Lactobacillales.f__Lactobacillaceae.g__Lactobacillus.s__Lactobacillus_acidophilus	study_condition	control	0.0008327906976744185	0.0008327906908507011	0.320182597362274	study_conditioncontrol	0.3655657258576002	86	1
k__Bacteria.p__Firmicutes.c__Bacilli.o__Lactobacillales.f__Lactobacillaceae.g__Lactobacillus.s__Lactobacillus_rogosae	study_condition	control	0.00042255813953488366	0.0004225581395348833	0.3201825215442038	study_conditioncontrol	0.3655657258576002	86	1
k__Bacteria.p__Firmicutes.c__Erysipelotrichia.o__Erysipelotrichales.f__Erysipelotrichaceae.g__Faecalicoccus.s__Faecalicoccus_pleomorphus	study_condition	control	0.0004011627906976743	0.0004011627898805026	0.3201825250711648	study_conditioncontrol	0.3655657258576002	86	1
k__Bacteria.p__Firmicutes.c__Clostridia.o__Clostridiales.f__Clostridiales_unclassified.g__Lawsonibacter.s__Lawsonibacter_asaccharolyticus	study_condition	control	-0.02738627906976746	0.02722222914188196	0.3172921430476767	study_conditioncontrol	0.3655657258576002	86	2
k__Bacteria.p__Bacteroidetes.c__Bacteroidia.o__Bacteroidales.f__Prevotellaceae.g__Prevotella.s__Prevotella_bivia	study_condition	control	-0.8333248837209298	0.8333248630516538	0.3201825053773465	study_conditioncontrol	0.3655657258576002	86	1
k__Bacteria.p__Firmicutes.c__Tissierellia.o__Tissierellales.f__Peptoniphilaceae.g__Anaerococcus.s__Anaerococcus_lactolyticus	study_condition	control	-0.4045920930232561	0.4043221764583159	0.3198615434134563	study_conditioncontrol	0.3655657258576002	86	2
k__Bacteria.p__Actinobacteria.c__Coriobacteriia.o__Eggerthellales.f__Eggerthellaceae.g__Slackia.s__Slackia_exigua	study_condition	control	-0.1806676744186046	0.18053581449534564	0.31983171222182283	study_conditioncontrol	0.3655657258576002	86	2
k__Bacteria.p__Fusobacteria.c__Fusobacteriia.o__Fusobacteriales.f__Fusobacteriaceae.g__Fusobacterium.s__Fusobacterium_gonidiaformans	study_condition	control	-0.0973046511627907	0.09730465116279075	0.320182521544167	study_conditioncontrol	0.3655657258576002	86	1
k__Bacteria.p__Firmicutes.c__Tissierellia.o__Tissierellales.f__Peptoniphilaceae.g__Peptoniphilus.s__Peptoniphilus_coxii	study_condition	control	-0.07203744186046511	0.06328789894119764	0.25825221161795814	study_conditioncontrol	0.3655657258576002	86	3
k__Bacteria.p__Firmicutes.c__Negativicutes.o__Veillonellales.f__Veillonellaceae.g__Dialister.s__Dialister_pneumosintes	study_condition	control	-0.03159511627906976	0.028211708201820774	0.26593590706678855	study_conditioncontrol	0.3655657258576002	86	3
k__Bacteria.p__Actinobacteria.c__Actinobacteria.o__Actinomycetales.f__Actinomycetaceae.g__Actinomyces.s__Actinomyces_johnsonii	study_condition	control	-0.005600930232558139	0.00502283451203815	0.2679904612779028	study_conditioncontrol	0.3655657258576002	86	4
k__Bacteria.p__Actinobacteria.c__Actinobacteria.o__Actinomycetales.f__Actinomycetaceae.g__Actinomyces.s__Actinomyces_massiliensis	study_condition	control	-0.0006651162790697675	0.0006651162790697674	0.32018252154413196	study_conditioncontrol	0.3655657258576002	86	1
k__Bacteria.p__Actinobacteria.c__Actinobacteria.o__Micrococcales.f__Micrococcaceae.g__Rothia.s__Rothia_dentocariosa	study_condition	control	-0.00024953488372093024	0.00024953488255627864	0.32018262450130375	study_conditioncontrol	0.3655657258576002	86	1
k__Bacteria.p__Actinobacteria.c__Actinobacteria.o__Actinomycetales.f__Actinomycetaceae.g__Actinomyces.s__Actinomyces_sp_oral_taxon_180	study_condition	control	-7.837209302325582e-05	7.837209290254408e-05	0.3201825208032242	study_conditioncontrol	0.3655657258576002	86	1
k__Bacteria.p__Proteobacteria.c__Gammaproteobacteria.o__Enterobacterales.f__Enterobacteriaceae.g__Klebsiella.s__Klebsiella_oxytoca	study_condition	control	-0.0158632558139535	0.01534034057532842	0.3040739863003657	study_conditioncontrol	0.3655657258576002	86	3
k__Bacteria.p__Firmicutes.c__Clostridia.o__Clostridiales.f__Lachnospiraceae.g__Lachnoclostridium.s__Clostridium_citroniae	study_condition	control	-0.0012095348837209304	0.00100351334668974	0.23147322481885896	study_conditioncontrol	0.3655657258576002	86	2
k__Bacteria.p__Proteobacteria.c__Betaproteobacteria.o__Burkholderiales.f__Sutterellaceae.g__Parasutterella.s__Parasutterella_excrementihominis	study_condition	control	-0.02361139534883721	0.023611395202326	0.32018251855819735	study_conditioncontrol	0.3655657258576002	86	1
k__Bacteria.p__Firmicutes.c__Firmicutes_unclassified.o__Firmicutes_unclassified.f__Firmicutes_unclassified.g__Firmicutes_unclassified.s__Firmicutes_bacterium_CAG_94	study_condition	control	-0.00477	0.004464055496168053	0.2883403329595174	study_conditioncontrol	0.3655657258576002	86	2
k__Bacteria.p__Actinobacteria.c__Actinobacteria.o__Bifidobacteriales.f__Bifidobacteriaceae.g__Bifidobacterium.s__Bifidobacterium_breve	study_condition	control	-0.20905953488372095	0.20751788991308365	0.3166219015692638	study_conditioncontrol	0.3655657258576002	86	2
k__Bacteria.p__Firmicutes.c__Clostridia.o__Clostridiales.f__Lachnospiraceae.g__Blautia.s__Blautia_hansenii	study_condition	control	-0.05059488372093023	0.04026677885606446	0.2124207276681185	study_conditioncontrol	0.3655657258576002	86	4
k__Bacteria.p__Firmicutes.c__Clostridia.o__Clostridiales.f__Lachnospiraceae.g__Lachnoclostridium.s__Clostridium_lavalense	study_condition	control	-0.004253953488372093	0.004192249812119161	0.31315391335144915	study_conditioncontrol	0.3655657258576002	86	2
k__Bacteria.p__Firmicutes.c__Bacilli.o__Lactobacillales.f__Lactobacillaceae.g__Lactobacillus.s__Lactobacillus_gasseri	study_condition	control	-0.014549767441860465	0.014549767441860461	0.32018252154423094	study_conditioncontrol	0.3655657258576002	86	1
k__Bacteria.p__Firmicutes.c__Erysipelotrichia.o__Erysipelotrichales.f__Erysipelotrichaceae.g__Massiliomicrobiota.s__Massiliomicrobiota_timonensis	study_condition	control	-6.279069767441859e-05	6.279069728817093e-05	0.3201825940607564	study_conditioncontrol	0.3655657258576002	86	1
k__Bacteria.p__Actinobacteria.c__Actinobacteria.o__Actinomycetales.f__Actinomycetaceae.g__Actinomyces.s__Actinomyces_urogenitalis	study_condition	control	-0.012344186046511626	0.012344186027615481	0.32018252273541553	study_conditioncontrol	0.3655657258576002	86	1
k__Bacteria.p__Actinobacteria.c__Actinobacteria.o__Actinomycetales.f__Actinomycetaceae.g__Varibaculum.s__Varibaculum_cambriense	study_condition	control	-0.015303488372093024	0.015303488372093017	0.32018252154415805	study_conditioncontrol	0.3655657258576002	86	1
k__Bacteria.p__Firmicutes.c__Tissierellia.o__Tissierellales.f__Peptoniphilaceae.g__Parvimonas.s__Parvimonas_sp_KA00067	study_condition	control	-0.00036697674418604653	0.00036697674418604653	0.3201825215441904	study_conditioncontrol	0.3655657258576002	86	1
k__Bacteria.p__Firmicutes.c__Clostridia.o__Clostridiales.f__Clostridiaceae.g__Clostridium.s__Clostridium_paraputrificum	study_condition	control	-0.017437674418604648	0.017437674311991145	0.3201825611392479	study_conditioncontrol	0.3655657258576002	86	1
k__Bacteria.p__Proteobacteria.c__Betaproteobacteria.o__Neisseriales.f__Neisseriaceae.g__Eikenella.s__Eikenella_corrodens	study_condition	control	-0.003061627906976744	0.003061627888421707	0.32018255406808	study_conditioncontrol	0.3655657258576002	86	1
k__Bacteria.p__Firmicutes.c__Clostridia.o__Clostridiales.f__Lachnospiraceae.g__Anaerostipes.s__Anaerostipes_caccae	study_condition	control	-0.026319999999999996	0.022604028245260026	0.24756068365395348	study_conditioncontrol	0.3655657258576002	86	3
k__Bacteria.p__Actinobacteria.c__Actinobacteria.o__Corynebacteriales.f__Corynebacteriales_unclassified.g__Lawsonella.s__Lawsonella_clevelandensis	study_condition	control	-0.12573441860465115	0.12363713390572323	0.3120928507591475	study_conditioncontrol	0.3655657258576002	86	2
k__Bacteria.p__Actinobacteria.c__Actinobacteria.o__Actinomycetales.f__Actinomycetaceae.g__Actinomyces.s__Actinomyces_radingae	study_condition	control	-0.0008839534883720931	0.0008839534883720928	0.3201825215441636	study_conditioncontrol	0.3655657258576002	86	1
k__Bacteria.p__Actinobacteria.c__Coriobacteriia.o__Coriobacteriales.f__Atopobiaceae.g__Atopobium.s__Atopobium_rimae	study_condition	control	-0.0005458139534883719	0.0005458139400705493	0.3201851529925188	study_conditioncontrol	0.3655657258576002	86	1
k__Bacteria.p__Proteobacteria.c__Gammaproteobacteria.o__Enterobacterales.f__Enterobacteriaceae.g__Klebsiella.s__Klebsiella_michiganensis	study_condition	control	-0.6395953488372093	0.6395953488372088	0.32018252154420934	study_conditioncontrol	0.3655657258576002	86	1
k__Bacteria.p__Fusobacteria.c__Fusobacteriia.o__Fusobacteriales.f__Fusobacteriaceae.g__Fusobacterium.s__Fusobacterium_nucleatum	study_condition	control	-0.007963023255813953	0.007748318636853755	0.3070366406057921	study_conditioncontrol	0.3655657258576002	86	2
k__Bacteria.p__Firmicutes.c__Clostridia.o__Clostridiales.f__Clostridiaceae.g__Clostridium.s__Clostridium_perfringens	study_condition	control	-0.002103720930232558	0.0021037209302325545	0.3201825215441486	study_conditioncontrol	0.3655657258576002	86	1
k__Bacteria.p__Proteobacteria.c__Gammaproteobacteria.o__Pasteurellales.f__Pasteurellaceae.g__Aggregatibacter.s__Aggregatibacter_segnis	study_condition	control	-0.0016616279069767452	0.00166162790432757	0.3201825224996508	study_conditioncontrol	0.3655657258576002	86	1
k__Bacteria.p__Firmicutes.c__Bacilli.o__Lactobacillales.f__Enterococcaceae.g__Enterococcus.s__Enterococcus_gallinarum	study_condition	control	-0.00046976744186046527	0.0004697674301330624	0.3201847978972264	study_conditioncontrol	0.3655657258576002	86	1
k__Bacteria.p__Firmicutes.c__Bacilli.o__Lactobacillales.f__Enterococcaceae.g__Enterococcus.s__Enterococcus_gilvus	study_condition	control	-0.00013465116279069773	0.00013465116195848564	0.3201825786444936	study_conditioncontrol	0.3655657258576002	86	1
k__Bacteria.p__Firmicutes.c__Bacilli.o__Lactobacillales.f__Lactobacillaceae.g__Pediococcus.s__Pediococcus_acidilactici	study_condition	control	-0.02035093023255814	0.02035093020136899	0.32018252857361834	study_conditioncontrol	0.3655657258576002	86	1
k__Bacteria.p__Proteobacteria.c__Gammaproteobacteria.o__Enterobacterales.f__Enterobacteriaceae.g__Citrobacter.s__Citrobacter_freundii	study_condition	control	-0.005648139534883721	0.004658867635743362	0.22878044788312882	study_conditioncontrol	0.3655657258576002	86	2
k__Bacteria.p__Proteobacteria.c__Gammaproteobacteria.o__Enterobacterales.f__Enterobacteriaceae.g__Citrobacter.s__Citrobacter_pasteurii	study_condition	control	-0.0008872093023255815	0.0008872093023255815	0.32018252154411947	study_conditioncontrol	0.3655657258576002	86	1
k__Bacteria.p__Firmicutes.c__Bacilli.o__Lactobacillales.f__Leuconostocaceae.g__Leuconostoc.s__Leuconostoc_lactis	study_condition	control	-0.00043395348837209303	0.00043395348568812177	0.3201825948763872	study_conditioncontrol	0.3655657258576002	86	1
k__Bacteria.p__Firmicutes.c__Clostridia.o__Clostridiales.f__Lachnospiraceae.g__Lachnoclostridium.s__Clostridium_aldenense	study_condition	control	-0.00015348837209302313	0.00015348837083789538	0.32018251761025124	study_conditioncontrol	0.3655657258576002	86	1
k__Bacteria.p__Firmicutes.c__Tissierellia.o__Tissierellales.f__Peptoniphilaceae.g__Peptoniphilus.s__Peptoniphilus_harei	study_condition	control	-0.2206960465116279	0.21964077702017562	0.3178767367339425	study_conditioncontrol	0.3655657258576002	86	4
k__Bacteria.p__Firmicutes.c__Bacilli.o__Lactobacillales.f__Lactobacillaceae.g__Lactobacillus.s__Lactobacillus_fermentum	study_condition	control	-0.008638837209302325	0.008336172350569201	0.30303285348702674	study_conditioncontrol	0.3655657258576002	86	2
k__Bacteria.p__Firmicutes.c__Clostridia.o__Clostridiales.f__Clostridiaceae.g__Clostridium.s__Clostridium_ventriculi	study_condition	control	-2.3720930232558155e-05	2.372093008798759e-05	0.3201825554912769	study_conditioncontrol	0.3655657258576002	86	1
k__Bacteria.p__Firmicutes.c__Clostridia.o__Clostridiales.f__Lachnospiraceae.g__Lachnoclostridium.s__Lachnoclostridium_sp_An118	study_condition	control	-0.0008893023255813951	0.0008893023200269291	0.32018258986465226	study_conditioncontrol	0.3655657258576002	86	1
k__Bacteria.p__Firmicutes.c__Clostridia.o__Clostridiales.f__Ruminococcaceae.g__Ruminococcaceae_unclassified.s__Ruminococcaceae_bacterium_D5	study_condition	control	-0.0007144186046511628	0.0007144186046511628	0.32018252154476623	study_conditioncontrol	0.3655657258576002	86	1
k__Bacteria.p__Firmicutes.c__Erysipelotrichia.o__Erysipelotrichales.f__Erysipelotrichaceae.g__Erysipelothrix.s__Erysipelothrix_larvae	study_condition	control	-0.011607906976744187	0.01146401658461317	0.31418220602160846	study_conditioncontrol	0.3655657258576002	86	2
k__Bacteria.p__Actinobacteria.c__Actinobacteria.o__Corynebacteriales.f__Corynebacteriaceae.g__Corynebacterium.s__Corynebacterium_amycolatum	study_condition	control	-0.0012032558139534882	0.0012032558139534882	0.32018252154420546	study_conditioncontrol	0.3655657258576002	86	1
k__Bacteria.p__Firmicutes.c__Bacilli.o__Lactobacillales.f__Streptococcaceae.g__Streptococcus.s__Streptococcus_salivarius_CAG_79	study_condition	control	-0.00021046511627906977	0.00021046511627906977	0.3201825215467256	study_conditioncontrol	0.3655657258576002	86	1
k__Bacteria.p__Firmicutes.c__Clostridia.o__Clostridiales.f__Lachnospiraceae.g__Dorea.s__Dorea_sp_D27	study_condition	control	-0.0019197674418604648	0.0018241887749052134	0.29563628114386553	study_conditioncontrol	0.3655657258576002	86	2
k__Bacteria.p__Firmicutes.c__Clostridia.o__Clostridiales.f__Clostridiaceae.g__Clostridium.s__Butyribacterium_methylotrophicum	study_condition	control	-0.00013441860465116272	0.00013441860128733863	0.32018381448198163	study_conditioncontrol	0.3655657258576002	86	1
k__Bacteria.p__Firmicutes.c__Clostridia.o__Clostridiales.f__Ruminococcaceae.g__Ruminococcaceae_unclassified.s__Ruminococcaceae_bacterium_D16	study_condition	control	-0.005580232558139535	0.005580232558139535	0.32018252154415877	study_conditioncontrol	0.3655657258576002	86	1
k__Bacteria.p__Firmicutes.c__Negativicutes.o__Veillonellales.f__Veillonellaceae.g__Negativicoccus.s__Negativicoccus_succinicivorans	study_condition	control	-0.010756976744186046	0.009480731152298206	0.2597642155986407	study_conditioncontrol	0.3655657258576002	86	3
k__Bacteria.p__Actinobacteria.c__Actinobacteria.o__Bifidobacteriales.f__Bifidobacteriaceae.g__Alloscardovia.s__Alloscardovia_omnicolens	study_condition	control	-0.001666279069767443	0.001356837082029639	0.22285394817917617	study_conditioncontrol	0.3655657258576002	86	2
k__Bacteria.p__Actinobacteria.c__Actinobacteria.o__Actinomycetales.f__Actinomycetaceae.g__Actinobaculum.s__Actinobaculum_sp_oral_taxon_183	study_condition	control	-0.00018976744186046507	0.00018976744186046507	0.3201825215441872	study_conditioncontrol	0.3655657258576002	86	1
k__Bacteria.p__Bacteroidetes.c__Bacteroidia.o__Bacteroidales.f__Odoribacteraceae.g__Butyricimonas.s__Butyricimonas_virosa	study_condition	control	-0.0005183720930232558	0.000518372093023256	0.3201825215442334	study_conditioncontrol	0.3655657258576002	86	1
k__Bacteria.p__Firmicutes.c__Tissierellia.o__Tissierellales.f__Peptoniphilaceae.g__Parvimonas.s__Parvimonas_sp_oral_taxon_110	study_condition	control	-0.008476511627906975	0.00847651162790696	0.3201825215442448	study_conditioncontrol	0.3655657258576002	86	1
k__Bacteria.p__Firmicutes.c__Bacilli.o__Lactobacillales.f__Streptococcaceae.g__Streptococcus.s__Streptococcus_viridans	study_condition	control	-0.0006713953488372092	0.000671395348837209	0.32018252154419163	study_conditioncontrol	0.3655657258576002	86	1
k__Bacteria.p__Proteobacteria.c__Gammaproteobacteria.o__Enterobacterales.f__Morganellaceae.g__Proteus.s__Proteus_mirabilis	study_condition	control	-0.013740465116279068	0.013740465032270097	0.32018257327501015	study_conditioncontrol	0.3655657258576002	86	1
k__Bacteria.p__Proteobacteria.c__Epsilonproteobacteria.o__Campylobacterales.f__Campylobacteraceae.g__Campylobacter.s__Campylobacter_gracilis	study_condition	control	-0.006260000000000003	0.006259999961019979	0.32018254664738577	study_conditioncontrol	0.3655657258576002	86	1
k__Bacteria.p__Actinobacteria.c__Actinobacteria.o__Actinomycetales.f__Actinomycetaceae.g__Actinomyces.s__Actinomyces_graevenitzii	study_condition	control	-0.0008904651162790696	0.0008904651162790694	0.32018252154421595	study_conditioncontrol	0.3655657258576002	86	1
k__Bacteria.p__Actinobacteria.c__Actinobacteria.o__Micrococcales.f__Micrococcaceae.g__Rothia.s__Rothia_mucilaginosa	study_condition	control	-0.0008255813953488371	0.000825581395348837	0.32018252154460913	study_conditioncontrol	0.3655657258576002	86	1
k__Bacteria.p__Firmicutes.c__Bacilli.o__Lactobacillales.f__Streptococcaceae.g__Streptococcus.s__Streptococcus_agalactiae	study_condition	control	-0.005763255813953488	0.005763255813953489	0.32018252154420673	study_conditioncontrol	0.3655657258576002	86	1
k__Bacteria.p__Firmicutes.c__Bacilli.o__Bacillales.f__Bacillales_unclassified.g__Gemella.s__Gemella_haemolysans	study_condition	control	-0.0007876744186046511	0.000787674418604651	0.32018252154418064	study_conditioncontrol	0.3655657258576002	86	1
k__Bacteria.p__Bacteroidetes.c__Bacteroidia.o__Bacteroidales.f__Prevotellaceae.g__Prevotella.s__Prevotella_timonensis	study_condition	control	-0.000687906976744186	0.0006879069767441859	0.3201825215442313	study_conditioncontrol	0.3655657258576002	86	1
k__Bacteria.p__Bacteroidetes.c__Bacteroidia.o__Bacteroidales.f__Tannerellaceae.g__Parabacteroides.s__Parabacteroides_johnsonii	study_condition	control	-0.00034139534883720926	0.00029703622167293417	0.2536781897479663	study_conditioncontrol	0.3655657258576002	86	2
k__Bacteria.p__Bacteroidetes.c__Bacteroidia.o__Bacteroidales.f__Porphyromonadaceae.g__Porphyromonas.s__Porphyromonas_uenonis	study_condition	control	-6.953488372093023e-05	6.953488372093024e-05	0.32018252154411325	study_conditioncontrol	0.3655657258576002	86	1
k__Eukaryota.p__Eukaryota_unclassified.c__Eukaryota_unclassified.o__Eukaryota_unclassified.f__Eukaryota_unclassified.g__Blastocystis.s__Blastocystis_sp_subtype_1	study_condition	control	-0.0002925581395348837	0.0002925581395348836	0.32018252154412674	study_conditioncontrol	0.3655657258576002	86	1
k__Bacteria.p__Firmicutes.c__Clostridia.o__Clostridiales.f__Lachnospiraceae.g__Lachnoclostridium.s__Clostridium_bolteae	study_condition	control	-0.03490883720930232	0.0348566920312049	0.32232257946581855	study_conditioncontrol	0.36656293351014657	86	36
k__Bacteria.p__Firmicutes.c__Bacilli.o__Lactobacillales.f__Lactobacillaceae.g__Lactobacillus.s__Lactobacillus_paragasseri	study_condition	control	-0.023606511627906977	0.02381820478998042	0.32447725760281687	study_conditioncontrol	0.36757189337819096	86	4
k__Bacteria.p__Firmicutes.c__Bacilli.o__Lactobacillales.f__Streptococcaceae.g__Streptococcus.s__Streptococcus_mutans	study_condition	control	0.01639558139534884	0.01668506438341146	0.3286015032098514	study_conditioncontrol	0.3693582788017709	86	10
k__Bacteria.p__Firmicutes.c__Clostridia.o__Clostridiales.f__Eubacteriaceae.g__Eubacterium.s__Eubacterium_sp_CAG_38	study_condition	control	-0.03557604651162791	0.03618081931566755	0.32829104202873804	study_conditioncontrol	0.3693582788017709	86	3
k__Bacteria.p__Firmicutes.c__Bacilli.o__Lactobacillales.f__Streptococcaceae.g__Streptococcus.s__Streptococcus_sanguinis	study_condition	control	-0.004303953488372095	0.004422988671739633	0.33330385514683136	study_conditioncontrol	0.37033761682981264	86	5
k__Bacteria.p__Actinobacteria.c__Coriobacteriia.o__Eggerthellales.f__Eggerthellaceae.g__Enterorhabdus.s__Enterorhabdus_caecimuris	study_condition	control	0.0008683720930232577	0.0008858678330969406	0.33257568084511413	study_conditioncontrol	0.37033761682981264	86	44
k__Bacteria.p__Bacteroidetes.c__Bacteroidia.o__Bacteroidales.f__Bacteroidaceae.g__Bacteroides.s__Bacteroides_stercoris	study_condition	control	-0.022683720930232555	0.023140766166639976	0.3325760851910682	study_conditioncontrol	0.37033761682981264	86	7
k__Bacteria.p__Firmicutes.c__Bacilli.o__Lactobacillales.f__Streptococcaceae.g__Streptococcus.s__Streptococcus_thermophilus	study_condition	control	0.05770813953488374	0.05987463389982248	0.3379046157862373	study_conditioncontrol	0.3740165594580489	86	14
k__Bacteria.p__Firmicutes.c__Clostridia.o__Clostridiales.f__Eubacteriaceae.g__Eubacterium.s__Eubacterium_eligens	study_condition	control	-0.007775813953488372	0.008097336928117874	0.33966395464276455	study_conditioncontrol	0.3745343986555199	86	4
k__Bacteria.p__Actinobacteria.c__Actinobacteria.o__Actinomycetales.f__Actinomycetaceae.g__Actinomyces.s__Actinomyces_sp_ICM47	study_condition	control	-0.001826046511627907	0.0019141851585306078	0.34284359747994675	study_conditioncontrol	0.37660849723175965	86	4
k__Bacteria.p__Firmicutes.c__Clostridia.o__Clostridiales.f__Lachnospiraceae.g__Roseburia.s__Roseburia_hominis	study_condition	control	0.04344511627906958	0.04987511515588956	0.388663542974061	study_conditioncontrol	0.425329914952746	86	46
k__Bacteria.p__Firmicutes.c__Clostridia.o__Clostridiales.f__Ruminococcaceae.g__Ruminococcaceae_unclassified.s__Eubacterium_siraeum	study_condition	control	-0.013078372093023283	0.015207742401826551	0.39224722858138916	study_conditioncontrol	0.4276379559721912	86	38
k__Bacteria.p__Firmicutes.c__Erysipelotrichia.o__Erysipelotrichales.f__Erysipelotrichaceae.g__Erysipelatoclostridium.s__Clostridium_spiroforme	study_condition	control	-0.05179395348837202	0.0649794383303494	0.42765058335416817	study_conditioncontrol	0.46448939765059466	86	55
k__Bacteria.p__Firmicutes.c__Clostridia.o__Clostridiales.f__Lachnospiraceae.g__Anaerostipes.s__Anaerostipes_hadrus	study_condition	control	-0.5437037209302296	0.707317194428867	0.44423651271334597	study_conditioncontrol	0.48070368913011313	86	72
k__Bacteria.p__Bacteroidetes.c__Bacteroidia.o__Bacteroidales.f__Bacteroidaceae.g__Bacteroides.s__Bacteroides_uniformis	study_condition	control	0.3068411627906979	0.41489011380101143	0.46367351799368284	study_conditioncontrol	0.499871078877948	86	52
k__Bacteria.p__Firmicutes.c__Clostridia.o__Clostridiales.f__Oscillospiraceae.g__Oscillibacter.s__Oscillibacter_sp_57_20	study_condition	control	-0.009621162790697675	0.013461628991438756	0.4767697743779108	study_conditioncontrol	0.5120860539614598	86	4
k__Bacteria.p__Firmicutes.c__Bacilli.o__Lactobacillales.f__Streptococcaceae.g__Streptococcus.s__Streptococcus_vestibularis	study_condition	control	-0.0008051162790697674	0.0011872462273112747	0.4995483076190369	study_conditioncontrol	0.5345719897030284	86	3
k__Bacteria.p__Actinobacteria.c__Actinobacteria.o__Bifidobacteriales.f__Bifidobacteriaceae.g__Scardovia.s__Scardovia_wiggsiae	study_condition	control	-0.0009006976744186042	0.001396552232091406	0.5207212056865722	study_conditioncontrol	0.55518069723936	86	3
k__Bacteria.p__Firmicutes.c__Clostridia.o__Clostridiales.f__Lachnospiraceae.g__Dorea.s__Dorea_formicigenerans	study_condition	control	-0.3000579069767475	0.4769677930378398	0.5309942193571072	study_conditioncontrol	0.5640597934562678	86	68
k__Bacteria.p__Actinobacteria.c__Actinobacteria.o__Bifidobacteriales.f__Bifidobacteriaceae.g__Bifidobacterium.s__Bifidobacterium_dentium	study_condition	control	0.009749069767441861	0.015979068159418713	0.5434326789636406	study_conditioncontrol	0.5751659740856049	86	8
k__Bacteria.p__Bacteroidetes.c__Bacteroidia.o__Bacteroidales.f__Prevotellaceae.g__Prevotella.s__Prevotella_copri	study_condition	control	0.0002565116279069767	0.00042687085666523006	0.5495169743921244	study_conditioncontrol	0.5794906275407857	86	3
k__Bacteria.p__Firmicutes.c__Clostridia.o__Clostridiales.f__Clostridiaceae.g__Clostridium.s__Clostridium_disporicum	study_condition	control	0.004264883720930258	0.007846588243516833	0.5896360749124059	study_conditioncontrol	0.6195451511760787	86	38
k__Bacteria.p__Firmicutes.c__Clostridia.o__Clostridiales.f__Eubacteriaceae.g__Eubacterium.s__Eubacterium_sp_CAG_251	study_condition	control	0.08355465116279075	0.17052849037394852	0.6254290705976666	study_conditioncontrol	0.6547813374488206	86	3
k__Bacteria.p__Firmicutes.c__Clostridia.o__Clostridiales.f__Lachnospiraceae.g__Blautia.s__Blautia_obeum	study_condition	control	-0.17223604651162946	0.38100131739511833	0.6523898469501035	study_conditioncontrol	0.6805505597680935	86	60
k__Bacteria.p__Actinobacteria.c__Actinobacteria.o__Propionibacteriales.f__Propionibacteriaceae.g__Cutibacterium.s__Cutibacterium_acnes	study_condition	control	0.0022790697674418573	0.005307530333935096	0.6687293336607966	study_conditioncontrol	0.6950950063140896	86	52
k__Bacteria.p__Firmicutes.c__Clostridia.o__Clostridiales.f__Ruminococcaceae.g__Ruminococcus.s__Ruminococcus_obeum_CAG_39	study_condition	control	0.000615581395348837	0.0014470876474327826	0.6716378435178909	study_conditioncontrol	0.6956249093578156	86	3
k__Archaea.p__Euryarchaeota.c__Methanobacteria.o__Methanobacteriales.f__Methanobacteriaceae.g__Methanobrevibacter.s__Methanobrevibacter_smithii	study_condition	control	0.04830558139534881	0.1359896876529666	0.7242062241380165	study_conditioncontrol	0.747401441281227	86	6
k__Bacteria.p__Firmicutes.c__Clostridia.o__Clostridiales.f__Christensenellaceae.g__Christensenella.s__Christensenella_minuta	study_condition	control	-0.0029025581395348858	0.009315221893908725	0.7561218815318634	study_conditioncontrol	0.7775721476746114	86	41
k__Bacteria.p__Firmicutes.c__Clostridia.o__Clostridiales.f__Lachnospiraceae.g__Blautia.s__Blautia_hydrogenotrophica	study_condition	control	-0.01829255813953494	0.06158808322745669	0.7671886091219844	study_conditioncontrol	0.7861650058140476	86	38
k__Bacteria.p__Firmicutes.c__Negativicutes.o__Acidaminococcales.f__Acidaminococcaceae.g__Phascolarctobacterium.s__Phascolarctobacterium_faecium	study_condition	control	0.0003872093023255813	0.0016406064310141462	0.8139948055427252	study_conditioncontrol	0.8311918788992616	86	5
k__Bacteria.p__Firmicutes.c__Bacilli.o__Lactobacillales.f__Streptococcaceae.g__Streptococcus.s__Streptococcus_salivarius	study_condition	control	-0.06105534883721012	0.2877783523514161	0.8324953837311911	study_conditioncontrol	0.8471005659019138	86	69
k__Bacteria.p__Firmicutes.c__Clostridia.o__Clostridiales.f__Oscillospiraceae.g__Oscillibacter.s__Oscillibacter_sp_CAG_241	study_condition	control	0.009319534883720943	0.06248305412833429	0.8821452140490841	study_conditioncontrol	0.8944829093504698	86	44
k__Bacteria.p__Firmicutes.c__Clostridia.o__Clostridiales.f__Peptostreptococcaceae.g__Romboutsia.s__Romboutsia_ilealis	study_condition	control	-0.00011441860465116296	0.0008059848231776871	0.8874505556411966	study_conditioncontrol	0.8967270422855296	86	4
k__Bacteria.p__Bacteroidetes.c__Bacteroidia.o__Bacteroidales.f__Bacteroidaceae.g__Bacteroides.s__Bacteroides_faecis	study_condition	control	-0.010123720930232371	0.08108848733330755	0.9012396874073296	study_conditioncontrol	0.9074982963476583	86	34
k__Bacteria.p__Actinobacteria.c__Coriobacteriia.o__Coriobacteriales.f__Coriobacteriaceae.g__Collinsella.s__Collinsella_aerofaciens	study_condition	control	-0.10532627906975767	1.3346596743467227	0.9372869668193269	study_conditioncontrol	0.9405301743169716	86	66
k__Bacteria.p__Bacteroidetes.c__Bacteroidia.o__Bacteroidales.f__Bacteroidaceae.g__Bacteroides.s__Bacteroides_vulgatus	study_condition	control	0.03621883720930276	0.501445346484988	0.942762631527491	study_conditioncontrol	0.942762631527491	86	64
k__Bacteria.p__Bacteroidetes.c__Bacteroidia.o__Bacteroidales.f__Prevotellaceae.g__Prevotella.s__Prevotella_stercorea	study_condition	study_condition				study_condition		86	0
k__Bacteria.p__Bacteroidetes.c__Bacteroidia.o__Bacteroidales.f__Prevotellaceae.g__Prevotella.s__Prevotella_stercorea	pair	pair				pair		86	0
k__Bacteria.p__Bacteroidetes.c__Bacteroidia.o__Bacteroidales.f__Prevotellaceae.g__Prevotella.s__Prevotella_sp_CAG_279	study_condition	study_condition				study_condition		86	0
k__Bacteria.p__Bacteroidetes.c__Bacteroidia.o__Bacteroidales.f__Prevotellaceae.g__Prevotella.s__Prevotella_sp_CAG_279	pair	pair				pair		86	0
k__Bacteria.p__Bacteroidetes.c__Bacteroidia.o__Bacteroidales.f__Rikenellaceae.g__Alistipes.s__Alistipes_onderdonkii	study_condition	study_condition				study_condition		86	0
k__Bacteria.p__Bacteroidetes.c__Bacteroidia.o__Bacteroidales.f__Rikenellaceae.g__Alistipes.s__Alistipes_onderdonkii	pair	pair				pair		86	0
k__Bacteria.p__Bacteroidetes.c__Bacteroidia.o__Bacteroidales.f__Prevotellaceae.g__Prevotella.s__Prevotella_buccalis	study_condition	study_condition				study_condition		86	0
k__Bacteria.p__Bacteroidetes.c__Bacteroidia.o__Bacteroidales.f__Prevotellaceae.g__Prevotella.s__Prevotella_buccalis	pair	pair				pair		86	0
k__Bacteria.p__Actinobacteria.c__Coriobacteriia.o__Coriobacteriales.f__Atopobiaceae.g__Olsenella.s__Olsenella_scatoligenes	study_condition	study_condition				study_condition		86	0
k__Bacteria.p__Actinobacteria.c__Coriobacteriia.o__Coriobacteriales.f__Atopobiaceae.g__Olsenella.s__Olsenella_scatoligenes	pair	pair				pair		86	0
k__Bacteria.p__Firmicutes.c__Bacilli.o__Lactobacillales.f__Streptococcaceae.g__Lactococcus.s__Lactococcus_piscium	study_condition	study_condition				study_condition		86	0
k__Bacteria.p__Firmicutes.c__Bacilli.o__Lactobacillales.f__Streptococcaceae.g__Lactococcus.s__Lactococcus_piscium	pair	pair				pair		86	0
k__Bacteria.p__Proteobacteria.c__Gammaproteobacteria.o__Enterobacterales.f__Yersiniaceae.g__Yersinia.s__Yersinia_enterocolitica	study_condition	study_condition				study_condition		86	0
k__Bacteria.p__Proteobacteria.c__Gammaproteobacteria.o__Enterobacterales.f__Yersiniaceae.g__Yersinia.s__Yersinia_enterocolitica	pair	pair				pair		86	0
k__Bacteria.p__Bacteroidetes.c__Bacteroidia.o__Bacteroidales.f__Bacteroidaceae.g__Bacteroides.s__Bacteroides_galacturonicus	study_condition	study_condition				study_condition		86	0
k__Bacteria.p__Bacteroidetes.c__Bacteroidia.o__Bacteroidales.f__Bacteroidaceae.g__Bacteroides.s__Bacteroides_galacturonicus	pair	pair				pair		86	0
k__Bacteria.p__Bacteroidetes.c__Bacteroidia.o__Bacteroidales.f__Bacteroidaceae.g__Bacteroides.s__Bacteroides_clarus	study_condition	study_condition				study_condition		86	0
k__Bacteria.p__Bacteroidetes.c__Bacteroidia.o__Bacteroidales.f__Bacteroidaceae.g__Bacteroides.s__Bacteroides_clarus	pair	pair				pair		86	0
k__Bacteria.p__Bacteroidetes.c__Bacteroidia.o__Bacteroidales.f__Bacteroidaceae.g__Bacteroides.s__Bacteroides_plebeius	study_condition	study_condition				study_condition		86	0
k__Bacteria.p__Bacteroidetes.c__Bacteroidia.o__Bacteroidales.f__Bacteroidaceae.g__Bacteroides.s__Bacteroides_plebeius	pair	pair				pair		86	0
k__Bacteria.p__Proteobacteria.c__Betaproteobacteria.o__Burkholderiales.f__Sutterellaceae.g__Turicimonas.s__Turicimonas_muris	study_condition	study_condition				study_condition		86	0
k__Bacteria.p__Proteobacteria.c__Betaproteobacteria.o__Burkholderiales.f__Sutterellaceae.g__Turicimonas.s__Turicimonas_muris	pair	pair				pair		86	0
k__Bacteria.p__Bacteroidetes.c__Bacteroidia.o__Bacteroidales.f__Bacteroidaceae.g__Bacteroides.s__Bacteroides_eggerthii	study_condition	study_condition				study_condition		86	0
k__Bacteria.p__Bacteroidetes.c__Bacteroidia.o__Bacteroidales.f__Bacteroidaceae.g__Bacteroides.s__Bacteroides_eggerthii	pair	pair				pair		86	0
k__Bacteria.p__Firmicutes.c__Erysipelotrichia.o__Erysipelotrichales.f__Erysipelotrichaceae.g__Faecalitalea.s__Faecalitalea_cylindroides	study_condition	study_condition				study_condition		86	0
k__Bacteria.p__Firmicutes.c__Erysipelotrichia.o__Erysipelotrichales.f__Erysipelotrichaceae.g__Faecalitalea.s__Faecalitalea_cylindroides	pair	pair				pair		86	0
k__Bacteria.p__Bacteroidetes.c__Bacteroidia.o__Bacteroidales.f__Rikenellaceae.g__Alistipes.s__Alistipes_sp_CAG_831	study_condition	study_condition				study_condition		86	0
k__Bacteria.p__Bacteroidetes.c__Bacteroidia.o__Bacteroidales.f__Rikenellaceae.g__Alistipes.s__Alistipes_sp_CAG_831	pair	pair				pair		86	0
k__Bacteria.p__Bacteroidetes.c__Bacteroidia.o__Bacteroidales.f__Bacteroidaceae.g__Bacteroides.s__Bacteroides_massiliensis	study_condition	study_condition				study_condition		86	0
k__Bacteria.p__Bacteroidetes.c__Bacteroidia.o__Bacteroidales.f__Bacteroidaceae.g__Bacteroides.s__Bacteroides_massiliensis	pair	pair				pair		86	0
k__Bacteria.p__Bacteroidetes.c__Bacteroidia.o__Bacteroidales.f__Bacteroidaceae.g__Bacteroides.s__Bacteroides_finegoldii	study_condition	study_condition				study_condition		86	0
k__Bacteria.p__Bacteroidetes.c__Bacteroidia.o__Bacteroidales.f__Bacteroidaceae.g__Bacteroides.s__Bacteroides_finegoldii	pair	pair				pair		86	0
k__Bacteria.p__Firmicutes.c__Clostridia.o__Clostridiales.f__Clostridiaceae.g__Clostridium.s__Clostridium_sp_CAG_253	study_condition	study_condition				study_condition		86	0
k__Bacteria.p__Firmicutes.c__Clostridia.o__Clostridiales.f__Clostridiaceae.g__Clostridium.s__Clostridium_sp_CAG_253	pair	pair				pair		86	0
k__Bacteria.p__Proteobacteria.c__Deltaproteobacteria.o__Desulfovibrionales.f__Desulfovibrionaceae.g__Desulfovibrionaceae_unclassified.s__Desulfovibrionaceae_bacterium	study_condition	study_condition				study_condition		86	0
k__Bacteria.p__Proteobacteria.c__Deltaproteobacteria.o__Desulfovibrionales.f__Desulfovibrionaceae.g__Desulfovibrionaceae_unclassified.s__Desulfovibrionaceae_bacterium	pair	pair				pair		86	0
k__Bacteria.p__Firmicutes.c__Firmicutes_unclassified.o__Firmicutes_unclassified.f__Firmicutes_unclassified.g__Firmicutes_unclassified.s__Firmicutes_bacterium_CAG_238	study_condition	study_condition				study_condition		86	0
k__Bacteria.p__Firmicutes.c__Firmicutes_unclassified.o__Firmicutes_unclassified.f__Firmicutes_unclassified.g__Firmicutes_unclassified.s__Firmicutes_bacterium_CAG_238	pair	pair				pair		86	0
k__Bacteria.p__Bacteroidetes.c__Bacteroidia.o__Bacteroidales.f__Prevotellaceae.g__Paraprevotella.s__Paraprevotella_xylaniphila	study_condition	study_condition				study_condition		86	0
k__Bacteria.p__Bacteroidetes.c__Bacteroidia.o__Bacteroidales.f__Prevotellaceae.g__Paraprevotella.s__Paraprevotella_xylaniphila	pair	pair				pair		86	0
k__Bacteria.p__Firmicutes.c__Clostridia.o__Clostridiales.f__Clostridiaceae.g__Clostridium.s__Clostridium_sp_CAG_299	study_condition	study_condition				study_condition		86	0
k__Bacteria.p__Firmicutes.c__Clostridia.o__Clostridiales.f__Clostridiaceae.g__Clostridium.s__Clostridium_sp_CAG_299	pair	pair				pair		86	0
k__Bacteria.p__Firmicutes.c__Clostridia.o__Clostridiales.f__Lachnospiraceae.g__Blautia.s__Blautia_sp_An249	study_condition	study_condition				study_condition		86	0
k__Bacteria.p__Firmicutes.c__Clostridia.o__Clostridiales.f__Lachnospiraceae.g__Blautia.s__Blautia_sp_An249	pair	pair				pair		86	0
k__Bacteria.p__Firmicutes.c__Firmicutes_unclassified.o__Firmicutes_unclassified.f__Firmicutes_unclassified.g__Firmicutes_unclassified.s__Firmicutes_bacterium_CAG_95	study_condition	study_condition				study_condition		86	0
k__Bacteria.p__Firmicutes.c__Firmicutes_unclassified.o__Firmicutes_unclassified.f__Firmicutes_unclassified.g__Firmicutes_unclassified.s__Firmicutes_bacterium_CAG_95	pair	pair				pair		86	0
k__Bacteria.p__Firmicutes.c__Erysipelotrichia.o__Erysipelotrichales.f__Erysipelotrichaceae.g__Candidatus_Stoquefichus.s__Candidatus_Stoquefichus_sp_KLE1796	study_condition	study_condition				study_condition		86	0
k__Bacteria.p__Firmicutes.c__Erysipelotrichia.o__Erysipelotrichales.f__Erysipelotrichaceae.g__Candidatus_Stoquefichus.s__Candidatus_Stoquefichus_sp_KLE1796	pair	pair				pair		86	0
k__Bacteria.p__Firmicutes.c__Bacilli.o__Lactobacillales.f__Lactobacillaceae.g__Lactobacillus.s__Lactobacillus_crispatus	study_condition	study_condition				study_condition		86	0
k__Bacteria.p__Firmicutes.c__Bacilli.o__Lactobacillales.f__Lactobacillaceae.g__Lactobacillus.s__Lactobacillus_crispatus	pair	pair				pair		86	0
k__Bacteria.p__Firmicutes.c__Clostridia.o__Clostridiales.f__Ruminococcaceae.g__Ruminococcus.s__Ruminococcus_sp_CAG_403	study_condition	study_condition				study_condition		86	0
k__Bacteria.p__Firmicutes.c__Clostridia.o__Clostridiales.f__Ruminococcaceae.g__Ruminococcus.s__Ruminococcus_sp_CAG_403	pair	pair				pair		86	0
k__Bacteria.p__Bacteroidetes.c__Bacteroidia.o__Bacteroidales.f__Prevotellaceae.g__Prevotella.s__Prevotella_sp_CAG_755	study_condition	study_condition				study_condition		86	0
k__Bacteria.p__Bacteroidetes.c__Bacteroidia.o__Bacteroidales.f__Prevotellaceae.g__Prevotella.s__Prevotella_sp_CAG_755	pair	pair				pair		86	0
k__Bacteria.p__Firmicutes.c__Clostridia.o__Clostridiales.f__Lachnospiraceae.g__Butyrivibrio.s__Butyrivibrio_crossotus	study_condition	study_condition				study_condition		86	0
k__Bacteria.p__Firmicutes.c__Clostridia.o__Clostridiales.f__Lachnospiraceae.g__Butyrivibrio.s__Butyrivibrio_crossotus	pair	pair				pair		86	0
k__Bacteria.p__Firmicutes.c__Clostridia.o__Clostridiales.f__Lachnospiraceae.g__Roseburia.s__Roseburia_sp_CAG_303	study_condition	study_condition				study_condition		86	0
k__Bacteria.p__Firmicutes.c__Clostridia.o__Clostridiales.f__Lachnospiraceae.g__Roseburia.s__Roseburia_sp_CAG_303	pair	pair				pair		86	0
k__Bacteria.p__Firmicutes.c__Firmicutes_unclassified.o__Firmicutes_unclassified.f__Firmicutes_unclassified.g__Firmicutes_unclassified.s__Firmicutes_bacterium_CAG_534	study_condition	study_condition				study_condition		86	0
k__Bacteria.p__Firmicutes.c__Firmicutes_unclassified.o__Firmicutes_unclassified.f__Firmicutes_unclassified.g__Firmicutes_unclassified.s__Firmicutes_bacterium_CAG_534	pair	pair				pair		86	0
k__Bacteria.p__Firmicutes.c__Clostridia.o__Clostridiales.f__Clostridiaceae.g__Clostridium.s__Clostridium_celatum	study_condition	study_condition				study_condition		86	0
k__Bacteria.p__Firmicutes.c__Clostridia.o__Clostridiales.f__Clostridiaceae.g__Clostridium.s__Clostridium_celatum	pair	pair				pair		86	0
k__Bacteria.p__Actinobacteria.c__Actinobacteria.o__Bifidobacteriales.f__Bifidobacteriaceae.g__Bifidobacterium.s__Bifidobacterium_angulatum	study_condition	study_condition				study_condition		86	0
k__Bacteria.p__Actinobacteria.c__Actinobacteria.o__Bifidobacteriales.f__Bifidobacteriaceae.g__Bifidobacterium.s__Bifidobacterium_angulatum	pair	pair				pair		86	0
k__Bacteria.p__Firmicutes.c__Firmicutes_unclassified.o__Firmicutes_unclassified.f__Firmicutes_unclassified.g__Firmicutes_unclassified.s__Firmicutes_bacterium_CAG_555	study_condition	study_condition				study_condition		86	0
k__Bacteria.p__Firmicutes.c__Firmicutes_unclassified.o__Firmicutes_unclassified.f__Firmicutes_unclassified.g__Firmicutes_unclassified.s__Firmicutes_bacterium_CAG_555	pair	pair				pair		86	0
k__Bacteria.p__Firmicutes.c__Negativicutes.o__Veillonellales.f__Veillonellaceae.g__Dialister.s__Dialister_succinatiphilus	study_condition	study_condition				study_condition		86	0
k__Bacteria.p__Firmicutes.c__Negativicutes.o__Veillonellales.f__Veillonellaceae.g__Dialister.s__Dialister_succinatiphilus	pair	pair				pair		86	0
k__Bacteria.p__Firmicutes.c__Clostridia.o__Clostridiales.f__Clostridiaceae.g__Clostridium.s__Clostridium_sp_CAG_590	study_condition	study_condition				study_condition		86	0
k__Bacteria.p__Firmicutes.c__Clostridia.o__Clostridiales.f__Clostridiaceae.g__Clostridium.s__Clostridium_sp_CAG_590	pair	pair				pair		86	0
k__Bacteria.p__Firmicutes.c__Clostridia.o__Clostridiales.f__Ruminococcaceae.g__Ruminococcus.s__Ruminococcus_sp_CAG_563	study_condition	study_condition				study_condition		86	0
k__Bacteria.p__Firmicutes.c__Clostridia.o__Clostridiales.f__Ruminococcaceae.g__Ruminococcus.s__Ruminococcus_sp_CAG_563	pair	pair				pair		86	0
k__Bacteria.p__Firmicutes.c__Clostridia.o__Clostridiales.f__Ruminococcaceae.g__Ruminococcus.s__Ruminococcus_sp_CAG_624	study_condition	study_condition				study_condition		86	0
k__Bacteria.p__Firmicutes.c__Clostridia.o__Clostridiales.f__Ruminococcaceae.g__Ruminococcus.s__Ruminococcus_sp_CAG_624	pair	pair				pair		86	0
k__Bacteria.p__Firmicutes.c__Clostridia.o__Clostridiales.f__Clostridiaceae.g__Clostridium.s__Clostridium_sp_CAG_413	study_condition	study_condition				study_condition		86	0
k__Bacteria.p__Firmicutes.c__Clostridia.o__Clostridiales.f__Clostridiaceae.g__Clostridium.s__Clostridium_sp_CAG_413	pair	pair				pair		86	0
k__Bacteria.p__Firmicutes.c__Clostridia.o__Clostridiales.f__Clostridiaceae.g__Clostridium.s__Clostridium_sp_CAG_678	study_condition	study_condition				study_condition		86	0
k__Bacteria.p__Firmicutes.c__Clostridia.o__Clostridiales.f__Clostridiaceae.g__Clostridium.s__Clostridium_sp_CAG_678	pair	pair				pair		86	0
k__Bacteria.p__Bacteroidetes.c__Bacteroidia.o__Bacteroidales.f__Rikenellaceae.g__Alistipes.s__Alistipes_sp_An31A	study_condition	study_condition				study_condition		86	0
k__Bacteria.p__Bacteroidetes.c__Bacteroidia.o__Bacteroidales.f__Rikenellaceae.g__Alistipes.s__Alistipes_sp_An31A	pair	pair				pair		86	0
k__Bacteria.p__Firmicutes.c__Bacilli.o__Lactobacillales.f__Lactobacillaceae.g__Lactobacillus.s__Lactobacillus_algidus	study_condition	study_condition				study_condition		86	0
k__Bacteria.p__Firmicutes.c__Bacilli.o__Lactobacillales.f__Lactobacillaceae.g__Lactobacillus.s__Lactobacillus_algidus	pair	pair				pair		86	0
k__Bacteria.p__Firmicutes.c__Bacilli.o__Lactobacillales.f__Lactobacillaceae.g__Lactobacillus.s__Lactobacillus_sakei	study_condition	study_condition				study_condition		86	0
k__Bacteria.p__Firmicutes.c__Bacilli.o__Lactobacillales.f__Lactobacillaceae.g__Lactobacillus.s__Lactobacillus_sakei	pair	pair				pair		86	0
k__Bacteria.p__Firmicutes.c__Clostridia.o__Clostridiales.f__Ruminococcaceae.g__Ruminococcus.s__Ruminococcus_sp_CAG_488	study_condition	study_condition				study_condition		86	0
k__Bacteria.p__Firmicutes.c__Clostridia.o__Clostridiales.f__Ruminococcaceae.g__Ruminococcus.s__Ruminococcus_sp_CAG_488	pair	pair				pair		86	0
k__Bacteria.p__Firmicutes.c__Bacilli.o__Bacillales.f__Staphylococcaceae.g__Staphylococcus.s__Staphylococcus_aureus	study_condition	study_condition				study_condition		86	0
k__Bacteria.p__Firmicutes.c__Bacilli.o__Bacillales.f__Staphylococcaceae.g__Staphylococcus.s__Staphylococcus_aureus	pair	pair				pair		86	0
k__Bacteria.p__Firmicutes.c__Negativicutes.o__Veillonellales.f__Veillonellaceae.g__Veillonella.s__Veillonella_rodentium	study_condition	study_condition				study_condition		86	0
k__Bacteria.p__Firmicutes.c__Negativicutes.o__Veillonellales.f__Veillonellaceae.g__Veillonella.s__Veillonella_rodentium	pair	pair				pair		86	0
k__Bacteria.p__Firmicutes.c__Bacilli.o__Lactobacillales.f__Carnobacteriaceae.g__Granulicatella.s__Granulicatella_adiacens	study_condition	study_condition				study_condition		86	0
k__Bacteria.p__Firmicutes.c__Bacilli.o__Lactobacillales.f__Carnobacteriaceae.g__Granulicatella.s__Granulicatella_adiacens	pair	pair				pair		86	0
k__Bacteria.p__Proteobacteria.c__Gammaproteobacteria.o__Enterobacterales.f__Enterobacteriaceae.g__Citrobacter.s__Citrobacter_braakii	study_condition	study_condition				study_condition		86	0
k__Bacteria.p__Proteobacteria.c__Gammaproteobacteria.o__Enterobacterales.f__Enterobacteriaceae.g__Citrobacter.s__Citrobacter_braakii	pair	pair				pair		86	0
k__Bacteria.p__Firmicutes.c__Clostridia.o__Clostridiales.f__Ruminococcaceae.g__Gemmiger.s__Gemmiger_sp_An87	study_condition	study_condition				study_condition		86	0
k__Bacteria.p__Firmicutes.c__Clostridia.o__Clostridiales.f__Ruminococcaceae.g__Gemmiger.s__Gemmiger_sp_An87	pair	pair				pair		86	0
k__Bacteria.p__Firmicutes.c__Bacilli.o__Lactobacillales.f__Enterococcaceae.g__Enterococcus.s__Enterococcus_italicus	study_condition	study_condition				study_condition		86	0
k__Bacteria.p__Firmicutes.c__Bacilli.o__Lactobacillales.f__Enterococcaceae.g__Enterococcus.s__Enterococcus_italicus	pair	pair				pair		86	0
k__Bacteria.p__Firmicutes.c__Bacilli.o__Lactobacillales.f__Lactobacillaceae.g__Lactobacillus.s__Lactobacillus_salivarius	study_condition	study_condition				study_condition		86	0
k__Bacteria.p__Firmicutes.c__Bacilli.o__Lactobacillales.f__Lactobacillaceae.g__Lactobacillus.s__Lactobacillus_salivarius	pair	pair				pair		86	0
k__Bacteria.p__Firmicutes.c__Tissierellia.o__Tissierellales.f__Peptoniphilaceae.g__Peptoniphilus.s__Peptoniphilus_duerdenii	study_condition	study_condition				study_condition		86	0
k__Bacteria.p__Firmicutes.c__Tissierellia.o__Tissierellales.f__Peptoniphilaceae.g__Peptoniphilus.s__Peptoniphilus_duerdenii	pair	pair				pair		86	0
k__Bacteria.p__Firmicutes.c__Clostridia.o__Clostridiales.f__Ruminococcaceae.g__Anaerotruncus.s__Anaerotruncus_sp_CAG_528	study_condition	study_condition				study_condition		86	0
k__Bacteria.p__Firmicutes.c__Clostridia.o__Clostridiales.f__Ruminococcaceae.g__Anaerotruncus.s__Anaerotruncus_sp_CAG_528	pair	pair				pair		86	0
k__Bacteria.p__Firmicutes.c__Bacilli.o__Lactobacillales.f__Enterococcaceae.g__Enterococcus.s__Enterococcus_faecium	study_condition	study_condition				study_condition		86	0
k__Bacteria.p__Firmicutes.c__Bacilli.o__Lactobacillales.f__Enterococcaceae.g__Enterococcus.s__Enterococcus_faecium	pair	pair				pair		86	0
k__Bacteria.p__Actinobacteria.c__Coriobacteriia.o__Coriobacteriales.f__Atopobiaceae.g__Olsenella.s__Olsenella_uli	study_condition	study_condition				study_condition		86	0
k__Bacteria.p__Actinobacteria.c__Coriobacteriia.o__Coriobacteriales.f__Atopobiaceae.g__Olsenella.s__Olsenella_uli	pair	pair				pair		86	0
k__Bacteria.p__Firmicutes.c__Bacilli.o__Lactobacillales.f__Lactobacillaceae.g__Lactobacillus.s__Lactobacillus_oris	study_condition	study_condition				study_condition		86	0
k__Bacteria.p__Firmicutes.c__Bacilli.o__Lactobacillales.f__Lactobacillaceae.g__Lactobacillus.s__Lactobacillus_oris	pair	pair				pair		86	0
k__Bacteria.p__Actinobacteria.c__Coriobacteriia.o__Coriobacteriales.f__Atopobiaceae.g__Atopobium.s__Atopobium_parvulum	study_condition	study_condition				study_condition		86	0
k__Bacteria.p__Actinobacteria.c__Coriobacteriia.o__Coriobacteriales.f__Atopobiaceae.g__Atopobium.s__Atopobium_parvulum	pair	pair				pair		86	0
k__Bacteria.p__Firmicutes.c__Bacilli.o__Lactobacillales.f__Lactobacillaceae.g__Lactobacillus.s__Lactobacillus_vaginalis	study_condition	study_condition				study_condition		86	0
k__Bacteria.p__Firmicutes.c__Bacilli.o__Lactobacillales.f__Lactobacillaceae.g__Lactobacillus.s__Lactobacillus_vaginalis	pair	pair				pair		86	0
k__Bacteria.p__Firmicutes.c__Bacilli.o__Lactobacillales.f__Streptococcaceae.g__Streptococcus.s__Streptococcus_sp_F0442	study_condition	study_condition				study_condition		86	0
k__Bacteria.p__Firmicutes.c__Bacilli.o__Lactobacillales.f__Streptococcaceae.g__Streptococcus.s__Streptococcus_sp_F0442	pair	pair				pair		86	0
k__Bacteria.p__Proteobacteria.c__Deltaproteobacteria.o__Desulfovibrionales.f__Desulfovibrionaceae.g__Desulfovibrio.s__Desulfovibrio_fairfieldensis	study_condition	study_condition				study_condition		86	0
k__Bacteria.p__Proteobacteria.c__Deltaproteobacteria.o__Desulfovibrionales.f__Desulfovibrionaceae.g__Desulfovibrio.s__Desulfovibrio_fairfieldensis	pair	pair				pair		86	0
k__Bacteria.p__Firmicutes.c__Clostridia.o__Clostridiales.f__Lachnospiraceae.g__Lachnoclostridium.s__Lachnoclostridium_sp_An131	study_condition	study_condition				study_condition		86	0
k__Bacteria.p__Firmicutes.c__Clostridia.o__Clostridiales.f__Lachnospiraceae.g__Lachnoclostridium.s__Lachnoclostridium_sp_An131	pair	pair				pair		86	0
k__Bacteria.p__Bacteroidetes.c__Bacteroidia.o__Bacteroidales.f__Prevotellaceae.g__Prevotella.s__Prevotella_sp_CAG_1185	study_condition	study_condition				study_condition		86	0
k__Bacteria.p__Bacteroidetes.c__Bacteroidia.o__Bacteroidales.f__Prevotellaceae.g__Prevotella.s__Prevotella_sp_CAG_1185	pair	pair				pair		86	0
k__Bacteria.p__Bacteroidetes.c__Bacteroidia.o__Bacteroidales.f__Bacteroidaceae.g__Bacteroides.s__Bacteroides_sp_CAG_443	study_condition	study_condition				study_condition		86	0
k__Bacteria.p__Bacteroidetes.c__Bacteroidia.o__Bacteroidales.f__Bacteroidaceae.g__Bacteroides.s__Bacteroides_sp_CAG_443	pair	pair				pair		86	0
k__Bacteria.p__Firmicutes.c__Clostridia.o__Clostridiales.f__Lachnospiraceae.g__Anaerotignum.s__Anaerotignum_lactatifermentans	study_condition	study_condition				study_condition		86	0
k__Bacteria.p__Firmicutes.c__Clostridia.o__Clostridiales.f__Lachnospiraceae.g__Anaerotignum.s__Anaerotignum_lactatifermentans	pair	pair				pair		86	0
